wall_time_iso,wall_time_epoch_s,elapsed_s,phase_index,phase_command_position_deg,phase_duration_s,sample_index,command_position_deg,left_motor_id,left_motor_label,left_feedback_position_deg,left_feedback_speed_erpm,left_feedback_current_amps,left_feedback_temperature_c,left_feedback_error_code,left_feedback_error_description,left_is_fresh_feedback,right_motor_id,right_motor_label,right_feedback_position_deg,right_feedback_speed_erpm,right_feedback_current_amps,right_feedback_temperature_c,right_feedback_error_code,right_feedback_error_description,right_is_fresh_feedback,sync_error_deg
2026-08-11T16:52:05.400,1786459925.400050,0.017544,1,45.000000,2.800000,1,0.000000,0x02,left,0.010928,-26,0.003663,25,0,No fault,True,0x01,right,0.010928,-26,0.003663,25,0,No fault,False,0.00
2026-08-11T16:52:05.412,1786459925.412828,0.030349,1,45.000000,2.800000,2,0.017960,0x02,left,-0.010928,62,-0.010989,26,0,No fault,False,0x01,right,-0.010928,-238,-0.032967,26,0,No fault,True,0.00
2026-08-11T16:52:05.428,1786459925.428377,0.045883,1,45.000000,2.800000,3,0.043814,0x02,left,-0.010928,-97,-0.018315,26,0,No fault,False,0x01,right,-0.010928,62,-0.010989,26,0,No fault,True,0.00
2026-08-11T16:52:05.440,1786459925.440174,0.057662,1,45.000000,2.800000,4,0.089924,0x02,left,-0.010928,-185,-0.040293,26,0,No fault,False,0x01,right,-0.010928,-361,-0.018315,26,0,No fault,True,0.00
2026-08-11T16:52:05.453,1786459925.453870,0.071360,1,45.000000,2.800000,5,0.135772,0x02,left,0.010928,115,0.003663,26,0,No fault,False,0x01,right,-0.010928,26,-0.018315,26,0,No fault,True,0.02
2026-08-11T16:52:05.465,1786459925.465307,0.082803,1,45.000000,2.800000,6,0.200644,0x02,left,-0.010928,-397,-0.032967,26,0,No fault,False,0x01,right,-0.010928,26,-0.018315,26,0,No fault,True,0.00
2026-08-11T16:52:05.479,1786459925.479363,0.096865,1,45.000000,2.800000,7,0.265302,0x02,left,0.010928,238,-0.003663,26,0,No fault,False,0x01,right,0.010928,185,0.010989,26,0,No fault,True,0.00
2026-08-11T16:52:05.491,1786459925.491396,0.108883,1,45.000000,2.800000,8,0.357294,0x02,left,0.010928,132,-0.003663,26,0,No fault,False,0x01,right,-0.010928,-185,-0.040293,26,0,No fault,True,0.02
2026-08-11T16:52:05.505,1786459925.505001,0.122481,1,45.000000,2.800000,9,0.444790,0x02,left,0.010928,167,0.040293,26,0,No fault,False,0x01,right,-0.032785,-167,-0.010989,26,0,No fault,True,0.04
2026-08-11T16:52:05.516,1786459925.516505,0.133987,1,45.000000,2.800000,10,0.556172,0x02,left,0.032785,273,-0.003663,26,0,No fault,False,0x01,right,-0.032785,-115,-0.003663,26,0,No fault,True,0.07
2026-08-11T16:52:05.530,1786459925.530529,0.148014,1,45.000000,2.800000,11,0.661542,0x02,left,0.010928,62,0.025641,26,0,No fault,False,0x01,right,-0.010928,-397,-0.032967,26,0,No fault,True,0.02
2026-08-11T16:52:05.542,1786459925.542349,0.159837,1,45.000000,2.800000,12,0.800520,0x02,left,0.032785,115,0.025641,26,0,No fault,False,0x01,right,0.010928,167,0.010989,26,0,No fault,True,0.02
2026-08-11T16:52:05.557,1786459925.557230,0.174704,1,45.000000,2.800000,13,0.929277,0x02,left,0.032785,26,0.025641,26,0,No fault,False,0x01,right,-0.010928,203,-0.003663,26,0,No fault,True,0.04
2026-08-11T16:52:05.573,1786459925.573570,0.191082,1,45.000000,2.800000,14,1.099137,0x02,left,0.032785,167,0.047619,26,0,No fault,False,0x01,right,0.010928,238,-0.003663,26,0,No fault,False,0.02
2026-08-11T16:52:05.588,1786459925.588067,0.205553,1,45.000000,2.800000,15,1.318102,0x02,left,0.054642,-150,0.032967,26,0,No fault,False,0x01,right,0.010928,326,-0.003663,26,0,No fault,True,0.04
2026-08-11T16:52:05.603,1786459925.603353,0.220833,1,45.000000,2.800000,16,1.504887,0x02,left,0.076499,-203,0.069597,26,0,No fault,False,0x01,right,0.010928,132,-0.003663,26,0,No fault,True,0.07
2026-08-11T16:52:05.616,1786459925.616255,0.233759,1,45.000000,2.800000,17,1.727917,0x02,left,0.120213,291,0.040293,26,0,No fault,False,0x01,right,-0.010928,-97,0.003663,26,0,No fault,True,0.13
2026-08-11T16:52:05.629,1786459925.629174,0.246706,1,45.000000,2.800000,18,1.936228,0x02,left,0.142070,185,0.054945,26,0,No fault,False,0x01,right,0.010928,62,-0.003663,26,0,No fault,True,0.13
2026-08-11T16:52:05.644,1786459925.644690,0.262188,1,45.000000,2.800000,19,2.148309,0x02,left,0.163927,203,0.062271,26,0,No fault,True,0x01,right,-0.010928,-167,0.018315,26,0,No fault,False,0.17
2026-08-11T16:52:05.657,1786459925.657417,0.274961,1,45.000000,2.800000,20,2.407039,0x02,left,0.229498,-9,0.047619,26,0,No fault,False,0x01,right,-0.010928,-9,0.010989,26,0,No fault,True,0.24
2026-08-11T16:52:05.670,1786459925.670254,0.287740,1,45.000000,2.800000,21,2.637493,0x02,left,0.295069,26,0.054945,26,0,No fault,False,0x01,right,0.010928,62,0.025641,26,0,No fault,True,0.28
2026-08-11T16:52:05.685,1786459925.685737,0.303236,1,45.000000,2.800000,22,2.877408,0x02,left,0.338783,97,0.069597,26,0,No fault,True,0x01,right,-0.010928,115,0.040293,26,0,No fault,False,0.35
2026-08-11T16:52:05.698,1786459925.698609,0.316114,1,45.000000,2.800000,23,3.182556,0x02,left,0.404353,62,0.040293,26,0,No fault,False,0x01,right,-0.010928,26,0.018315,26,0,No fault,True,0.42
2026-08-11T16:52:05.712,1786459925.712935,0.330433,1,45.000000,2.800000,24,3.447305,0x02,left,0.491781,-97,0.047619,26,0,No fault,False,0x01,right,0.010928,-256,0.018315,26,0,No fault,True,0.48
2026-08-11T16:52:05.724,1786459925.724772,0.342260,1,45.000000,2.800000,25,3.753073,0x02,left,0.557352,361,0.069597,26,0,No fault,False,0x01,right,0.032785,26,0.025641,26,0,No fault,True,0.52
2026-08-11T16:52:05.738,1786459925.738761,0.356272,1,45.000000,2.800000,26,4.012397,0x02,left,0.644780,-97,0.076923,26,0,No fault,False,0x01,right,-0.010928,-326,0.047619,26,0,No fault,True,0.66
2026-08-11T16:52:05.750,1786459925.750812,0.368311,1,45.000000,2.800000,27,4.332371,0x02,left,0.732207,-62,0.054945,26,0,No fault,False,0x01,right,0.010928,9,0.040293,26,0,No fault,True,0.72
2026-08-11T16:52:05.764,1786459925.764194,0.381687,1,45.000000,2.800000,28,4.618934,0x02,left,0.819635,62,0.091575,26,0,No fault,False,0x01,right,0.054642,-185,0.025641,26,0,No fault,True,0.76
2026-08-11T16:52:05.789,1786459925.789318,0.406860,1,45.000000,2.800000,29,4.940802,0x02,left,0.928920,256,0.128205,26,0,No fault,True,0x01,right,0.010928,-79,0.047619,26,0,No fault,False,0.92
2026-08-11T16:52:05.804,1786459925.804336,0.421825,1,45.000000,2.800000,30,5.577440,0x02,left,1.081918,273,0.128205,25,0,No fault,False,0x01,right,0.076499,132,0.047619,26,0,No fault,True,1.01
2026-08-11T16:52:05.816,1786459925.816436,0.433935,1,45.000000,2.800000,31,5.967675,0x02,left,1.147489,115,0.120879,26,0,No fault,False,0x01,right,0.076499,-97,0.040293,26,0,No fault,True,1.07
2026-08-11T16:52:05.829,1786459925.829231,0.446736,1,45.000000,2.800000,32,6.296398,0x02,left,1.300488,97,0.076923,25,0,No fault,False,0x01,right,0.032785,-26,0.069597,26,0,No fault,True,1.27
2026-08-11T16:52:05.842,1786459925.842052,0.459529,1,45.000000,2.800000,33,6.645596,0x02,left,1.387916,97,0.084249,25,0,No fault,False,0x01,right,0.054642,150,0.069597,26,0,No fault,True,1.33
2026-08-11T16:52:05.854,1786459925.854922,0.472414,1,45.000000,2.800000,34,7.007662,0x02,left,1.562771,344,0.098901,25,0,No fault,False,0x01,right,0.120213,-62,0.047619,26,0,No fault,True,1.44
2026-08-11T16:52:05.867,1786459925.867829,0.485327,1,45.000000,2.800000,35,7.374758,0x02,left,1.693913,309,0.062271,26,0,No fault,False,0x01,right,0.120213,-62,0.069597,26,0,No fault,True,1.57
2026-08-11T16:52:05.880,1786459925.880625,0.498117,1,45.000000,2.800000,36,7.756578,0x02,left,1.868768,291,0.054945,26,0,No fault,False,0x01,right,0.076499,62,0.098901,26,0,No fault,True,1.79
2026-08-11T16:52:05.893,1786459925.893495,0.510984,1,45.000000,2.800000,37,8.137484,0x02,left,1.956196,326,0.076923,26,0,No fault,False,0x01,right,0.076499,203,0.076923,26,0,No fault,True,1.88
2026-08-11T16:52:05.906,1786459925.906284,0.523771,1,45.000000,2.800000,38,8.529879,0x02,left,2.152908,-9,0.084249,25,0,No fault,False,0x01,right,0.207641,309,0.062271,26,0,No fault,True,1.95
2026-08-11T16:52:05.918,1786459925.918940,0.536506,1,45.000000,2.800000,39,8.927105,0x02,left,2.305907,502,0.069597,26,0,No fault,False,0x01,right,0.120213,203,0.106227,26,0,No fault,True,2.19
2026-08-11T16:52:05.932,1786459925.932211,0.549688,1,45.000000,2.800000,40,9.333574,0x02,left,2.480763,167,0.069597,26,0,No fault,False,0x01,right,0.229498,-167,0.054945,26,0,No fault,True,2.25
2026-08-11T16:52:05.944,1786459925.944427,0.561913,1,45.000000,2.800000,41,9.760436,0x02,left,2.808617,44,0.062271,25,0,No fault,False,0x01,right,0.142070,-62,0.113553,26,0,No fault,True,2.67
2026-08-11T16:52:05.957,1786459925.957977,0.575461,1,45.000000,2.800000,42,10.150007,0x02,left,2.939758,256,0.040293,25,0,No fault,False,0x01,right,0.295069,26,0.054945,26,0,No fault,True,2.64
2026-08-11T16:52:05.969,1786459925.969879,0.587358,1,45.000000,2.800000,43,10.599143,0x02,left,3.092757,273,0.018315,25,0,No fault,False,0x01,right,0.316926,-167,0.040293,26,0,No fault,True,2.78
2026-08-11T16:52:05.992,1786459925.992533,0.610020,1,45.000000,2.800000,44,10.997131,0x02,left,3.355040,379,0.010989,25,0,No fault,True,0x01,right,0.338783,97,0.069597,26,0,No fault,False,3.02
2026-08-11T16:52:06.008,1786459926.008635,0.626141,1,45.000000,2.800000,45,11.785193,0x02,left,3.682894,467,0.054945,26,0,No fault,False,0x01,right,0.404353,238,0.040293,26,0,No fault,True,3.28
2026-08-11T16:52:06.024,1786459926.024104,0.641600,1,45.000000,2.800000,46,12.344555,0x02,left,3.988891,502,0.025641,26,0,No fault,False,0x01,right,0.426210,256,0.062271,26,0,No fault,True,3.56
2026-08-11T16:52:06.039,1786459926.039291,0.656791,1,45.000000,2.800000,47,12.881331,0x02,left,4.229318,379,0.040293,26,0,No fault,False,0x01,right,0.469924,-9,0.062271,26,0,No fault,True,3.76
2026-08-11T16:52:06.054,1786459926.054593,0.672094,1,45.000000,2.800000,48,13.422857,0x02,left,4.469744,150,0.054945,26,0,No fault,False,0x01,right,0.338783,115,0.135531,26,0,No fault,True,4.13
2026-08-11T16:52:06.066,1786459926.066113,0.683593,1,45.000000,2.800000,49,13.973719,0x02,left,4.710170,185,0.076923,25,0,No fault,False,0x01,right,0.360639,9,0.128205,26,0,No fault,True,4.35
2026-08-11T16:52:06.079,1786459926.079996,0.697494,1,45.000000,2.800000,50,14.392961,0x02,left,4.928740,467,0.054945,26,0,No fault,False,0x01,right,0.601066,-97,0.054945,26,0,No fault,True,4.33
2026-08-11T16:52:06.092,1786459926.092395,0.709887,1,45.000000,2.800000,51,14.906145,0x02,left,5.191023,414,0.054945,26,0,No fault,False,0x01,right,0.426210,62,0.106227,26,0,No fault,True,4.76
2026-08-11T16:52:06.105,1786459926.105619,0.723106,1,45.000000,2.800000,52,15.384242,0x02,left,5.344022,309,0.091575,26,0,No fault,False,0x01,right,0.469924,167,0.150183,26,0,No fault,True,4.87
2026-08-11T16:52:06.117,1786459926.117347,0.734843,1,45.000000,2.800000,53,15.858845,0x02,left,5.518877,273,0.098901,26,0,No fault,False,0x01,right,0.491781,-185,0.150183,26,0,No fault,True,5.03
2026-08-11T16:52:06.131,1786459926.131351,0.748835,1,45.000000,2.800000,54,16.308088,0x02,left,5.846731,379,0.076923,26,0,No fault,False,0x01,right,0.535495,185,0.128205,26,0,No fault,True,5.31
2026-08-11T16:52:06.143,1786459926.143012,0.760495,1,45.000000,2.800000,55,16.830201,0x02,left,5.977873,379,0.091575,26,0,No fault,False,0x01,right,0.557352,132,0.150183,26,0,No fault,True,5.42
2026-08-11T16:52:06.156,1786459926.156990,0.774468,1,45.000000,2.800000,56,17.277703,0x02,left,6.240156,220,0.084249,26,0,No fault,False,0x01,right,0.601066,26,0.172161,26,0,No fault,True,5.64
2026-08-11T16:52:06.168,1786459926.168719,0.786205,1,45.000000,2.800000,57,17.808578,0x02,left,6.502439,344,0.069597,26,0,No fault,False,0x01,right,0.622923,62,0.142857,26,0,No fault,True,5.88
2026-08-11T16:52:06.193,1786459926.193259,0.810754,1,45.000000,2.800000,58,18.264660,0x02,left,6.874007,150,0.054945,26,0,No fault,True,0x01,right,0.928920,256,0.128205,26,0,No fault,False,5.95
2026-08-11T16:52:06.209,1786459926.209637,0.827129,1,45.000000,2.800000,59,19.222900,0x02,left,7.245575,520,0.062271,26,0,No fault,False,0x01,right,0.775921,256,0.113553,26,0,No fault,True,6.47
2026-08-11T16:52:06.224,1786459926.224886,0.842381,1,45.000000,2.800000,60,19.849760,0x02,left,7.770142,502,0.010989,26,0,No fault,False,0x01,right,0.819635,291,0.157509,26,0,No fault,True,6.95
2026-08-11T16:52:06.236,1786459926.236583,0.854063,1,45.000000,2.800000,61,20.445066,0x02,left,8.010568,661,0.040293,26,0,No fault,False,0x01,right,0.863349,-9,0.142857,26,0,No fault,True,7.15
2026-08-11T16:52:06.250,1786459926.250457,0.867940,1,45.000000,2.800000,62,20.906143,0x02,left,8.229137,538,0.047619,26,0,No fault,False,0x01,right,0.928920,220,0.135531,26,0,No fault,True,7.30
2026-08-11T16:52:06.262,1786459926.262156,0.879640,1,45.000000,2.800000,63,21.446192,0x02,left,8.556992,414,0.069597,26,0,No fault,False,0x01,right,0.950777,238,0.150183,26,0,No fault,True,7.61
2026-08-11T16:52:06.276,1786459926.276001,0.893505,1,45.000000,2.800000,64,21.904745,0x02,left,8.884846,502,0.010989,26,0,No fault,False,0x01,right,1.060062,185,0.135531,26,0,No fault,True,7.82
2026-08-11T16:52:06.291,1786459926.291429,0.908923,1,45.000000,2.800000,65,22.450047,0x02,left,9.190843,273,0.098901,26,0,No fault,False,0x01,right,1.081918,26,0.106227,26,0,No fault,True,8.11
2026-08-11T16:52:06.306,1786459926.306759,0.924254,1,45.000000,2.800000,66,23.055784,0x02,left,9.496840,220,0.106227,25,0,No fault,False,0x01,right,1.169346,185,0.135531,26,0,No fault,True,8.33
2026-08-11T16:52:06.318,1786459926.318450,0.935939,1,45.000000,2.800000,67,23.656107,0x02,left,9.890265,538,0.069597,26,0,No fault,False,0x01,right,1.497200,26,0.069597,26,0,No fault,True,8.39
2026-08-11T16:52:06.332,1786459926.332336,0.949821,1,45.000000,2.800000,68,24.113885,0x02,left,10.152548,485,0.062271,26,0,No fault,False,0x01,right,1.256774,150,0.150183,26,0,No fault,True,8.90
2026-08-11T16:52:06.344,1786459926.344078,0.961562,1,45.000000,2.800000,69,24.656992,0x02,left,10.480402,450,0.106227,26,0,No fault,False,0x01,right,1.628342,238,0.069597,26,0,No fault,True,8.85
2026-08-11T16:52:06.357,1786459926.357893,0.975378,1,45.000000,2.800000,70,25.116193,0x02,left,10.742685,732,0.091575,26,0,No fault,False,0x01,right,1.409773,326,0.164835,26,0,No fault,True,9.33
2026-08-11T16:52:06.369,1786459926.369597,0.987082,1,45.000000,2.800000,71,25.653625,0x02,left,11.004969,397,0.062271,26,0,No fault,False,0x01,right,1.453486,115,0.172161,26,0,No fault,True,9.55
2026-08-11T16:52:06.388,1786459926.388410,1.005888,1,45.000000,2.800000,72,26.107042,0x02,left,11.354680,309,0.069597,26,0,No fault,False,0x01,right,1.519057,185,0.150183,26,0,No fault,False,9.84
2026-08-11T16:52:06.409,1786459926.409917,1.027406,1,45.000000,2.800000,73,26.832995,0x02,left,11.726248,150,0.040293,26,0,No fault,True,0x01,right,1.628342,79,0.135531,26,0,No fault,False,10.10
2026-08-11T16:52:06.422,1786459926.422420,1.039930,1,45.000000,2.800000,74,27.660164,0x02,left,12.272671,414,0.054945,26,0,No fault,False,0x01,right,2.021767,-26,0.098901,26,0,No fault,True,10.25
2026-08-11T16:52:06.435,1786459926.435720,1.053221,1,45.000000,2.800000,75,28.145461,0x02,left,12.644239,220,0.054945,26,0,No fault,False,0x01,right,1.825054,608,0.128205,26,0,No fault,True,10.82
2026-08-11T16:52:06.451,1786459926.451048,1.068532,1,45.000000,2.800000,76,28.644109,0x02,left,12.928379,326,0.032967,26,0,No fault,True,0x01,right,2.196622,44,0.084249,26,0,No fault,False,10.73
2026-08-11T16:52:06.466,1786459926.466414,1.083905,1,45.000000,2.800000,77,29.218879,0x02,left,13.365518,361,0.025641,25,0,No fault,True,0x01,right,2.393335,309,0.069597,26,0,No fault,False,10.97
2026-08-11T16:52:06.482,1786459926.482037,1.099529,1,45.000000,2.800000,78,29.794919,0x02,left,13.737086,361,0.098901,25,0,No fault,True,0x01,right,2.218479,397,0.084249,26,0,No fault,False,11.52
2026-08-11T16:52:06.494,1786459926.494302,1.111796,1,45.000000,2.800000,79,30.370724,0x02,left,14.130511,485,0.106227,25,0,No fault,False,0x01,right,2.305907,326,0.062271,26,0,No fault,True,11.82
2026-08-11T16:52:06.507,1786459926.507540,1.125022,1,45.000000,2.800000,80,30.823216,0x02,left,14.764362,555,0.142857,25,0,No fault,False,0x01,right,2.808617,44,0.062271,25,0,No fault,True,11.96
2026-08-11T16:52:06.519,1786459926.519877,1.137361,1,45.000000,2.800000,81,31.299522,0x02,left,14.939218,432,0.091575,26,0,No fault,False,0x01,right,2.852331,291,0.047619,25,0,No fault,True,12.09
2026-08-11T16:52:06.533,1786459926.533126,1.150616,1,45.000000,2.800000,82,31.749554,0x02,left,15.288929,414,0.069597,26,0,No fault,False,0x01,right,2.655618,379,0.018315,26,0,No fault,True,12.63
2026-08-11T16:52:06.546,1786459926.546185,1.163674,1,45.000000,2.800000,83,32.221637,0x02,left,15.704211,379,0.010989,26,0,No fault,False,0x01,right,2.764903,467,0.032967,26,0,No fault,True,12.94
2026-08-11T16:52:06.558,1786459926.558829,1.176316,1,45.000000,2.800000,84,32.676193,0x02,left,16.075779,608,0.084249,26,0,No fault,False,0x01,right,2.896044,238,0.003663,26,0,No fault,True,13.18
2026-08-11T16:52:06.571,1786459926.571349,1.188821,1,45.000000,2.800000,85,33.115661,0x02,left,16.272491,626,0.040293,26,0,No fault,False,0x01,right,2.961615,520,0.003663,26,0,No fault,True,13.31
2026-08-11T16:52:06.589,1786459926.589616,1.207124,1,45.000000,2.800000,86,33.547836,0x02,left,16.775201,132,0.040293,26,0,No fault,False,0x01,right,3.267612,573,0.084249,25,0,No fault,False,13.51
2026-08-11T16:52:06.610,1786459926.610067,1.227564,1,45.000000,2.800000,87,34.180691,0x02,left,17.168625,538,0.084249,26,0,No fault,True,0x01,right,3.311326,273,-0.025641,26,0,No fault,False,13.86
2026-08-11T16:52:06.626,1786459926.626202,1.243704,1,45.000000,2.800000,88,34.851662,0x02,left,17.780620,414,0.062271,26,0,No fault,False,0x01,right,3.617323,238,0.047619,25,0,No fault,True,14.16
2026-08-11T16:52:06.640,1786459926.640602,1.258099,1,45.000000,2.800000,89,35.373512,0x02,left,18.261472,679,0.091575,26,0,No fault,False,0x01,right,3.748465,555,0.032967,26,0,No fault,True,14.51
2026-08-11T16:52:06.655,1786459926.655927,1.273432,1,45.000000,2.800000,90,35.836877,0x02,left,18.611183,626,0.113553,26,0,No fault,False,0x01,right,3.857750,220,0.054945,25,0,No fault,True,14.75
2026-08-11T16:52:06.671,1786459926.671288,1.288775,1,45.000000,2.800000,91,36.311098,0x02,left,19.026465,591,0.032967,25,0,No fault,False,0x01,right,3.923321,326,0.062271,26,0,No fault,True,15.10
2026-08-11T16:52:06.683,1786459926.683087,1.300581,1,45.000000,2.800000,92,36.781051,0x02,left,19.376176,502,0.091575,26,0,No fault,False,0x01,right,3.988891,291,0.062271,26,0,No fault,True,15.39
2026-08-11T16:52:06.697,1786459926.697038,1.314531,1,45.000000,2.800000,93,37.136132,0x02,left,19.813315,785,0.032967,26,0,No fault,False,0x01,right,4.229318,379,0.040293,26,0,No fault,True,15.58
2026-08-11T16:52:06.712,1786459926.712264,1.329745,1,45.000000,2.800000,94,37.548332,0x02,left,20.184883,326,0.076923,26,0,No fault,False,0x01,right,4.360459,379,0.062271,26,0,No fault,True,15.82
2026-08-11T16:52:06.724,1786459926.724141,1.341630,1,45.000000,2.800000,95,37.986615,0x02,left,20.622022,855,0.047619,25,0,No fault,False,0x01,right,4.360459,220,0.076923,26,0,No fault,True,16.26
2026-08-11T16:52:06.737,1786459926.737797,1.355281,1,45.000000,2.800000,96,38.322117,0x02,left,20.906162,273,0.047619,25,0,No fault,False,0x01,right,4.579029,379,0.047619,26,0,No fault,True,16.33
2026-08-11T16:52:06.749,1786459926.749619,1.367101,1,45.000000,2.800000,97,38.698089,0x02,left,21.365158,591,0.032967,25,0,No fault,False,0x01,right,4.644600,414,0.054945,25,0,No fault,True,16.72
2026-08-11T16:52:06.763,1786459926.763619,1.381116,1,45.000000,2.800000,98,39.016347,0x02,left,21.649298,309,0.069597,26,0,No fault,False,0x01,right,4.688313,502,0.150183,26,0,No fault,True,16.96
2026-08-11T16:52:06.775,1786459926.775261,1.392761,1,45.000000,2.800000,99,39.386886,0x02,left,22.239435,397,0.076923,26,0,No fault,False,0x01,right,4.928740,467,0.054945,26,0,No fault,True,17.31
2026-08-11T16:52:06.800,1786459926.800072,1.417578,1,45.000000,2.800000,100,39.688032,0x02,left,22.676574,467,0.084249,26,0,No fault,True,0x01,right,4.906883,432,0.157509,26,0,No fault,False,17.77
2026-08-11T16:52:06.826,1786459926.826351,1.443862,1,45.000000,2.800000,101,40.299102,0x02,left,23.332282,326,0.076923,26,0,No fault,True,0x01,right,5.256594,185,0.076923,26,0,No fault,False,18.08
2026-08-11T16:52:06.838,1786459926.838871,1.456344,1,45.000000,2.800000,102,40.913225,0x02,left,23.791278,679,0.054945,26,0,No fault,False,0x01,right,5.344022,309,0.091575,26,0,No fault,True,18.45
2026-08-11T16:52:06.852,1786459926.852094,1.469566,1,45.000000,2.800000,103,41.190656,0x02,left,24.293988,626,0.047619,25,0,No fault,False,0x01,right,5.518877,273,0.098901,26,0,No fault,True,18.78
2026-08-11T16:52:06.867,1786459926.867496,1.484966,1,45.000000,2.800000,104,41.470751,0x02,left,24.490700,450,0.040293,26,0,No fault,True,0x01,right,5.409592,450,0.142857,26,0,No fault,False,19.08
2026-08-11T16:52:06.882,1786459926.882956,1.500426,1,45.000000,2.800000,105,41.788965,0x02,left,25.015267,467,0.025641,26,0,No fault,True,0x01,right,5.584448,414,0.142857,26,0,No fault,False,19.43
2026-08-11T16:52:06.898,1786459926.898304,1.515785,1,45.000000,2.800000,106,42.097974,0x02,left,25.517976,502,0.018315,26,0,No fault,True,0x01,right,5.912302,309,0.062271,26,0,No fault,False,19.61
2026-08-11T16:52:06.913,1786459926.913792,1.531265,1,45.000000,2.800000,107,42.385122,0x02,left,25.911401,450,0.076923,26,0,No fault,True,0x01,right,5.824874,220,0.142857,26,0,No fault,False,20.09
2026-08-11T16:52:06.929,1786459926.929135,1.546606,1,45.000000,2.800000,108,42.660867,0x02,left,26.326683,696,0.076923,26,0,No fault,True,0x01,right,6.087157,44,0.128205,26,0,No fault,False,20.24
2026-08-11T16:52:06.944,1786459926.944573,1.562045,1,45.000000,2.800000,109,42.921061,0x02,left,26.676394,432,0.106227,26,0,No fault,True,0x01,right,6.546153,450,0.091575,26,0,No fault,False,20.13
2026-08-11T16:52:06.959,1786459926.959960,1.577440,1,45.000000,2.800000,110,43.168521,0x02,left,27.135390,573,0.084249,26,0,No fault,True,0x01,right,7.507858,661,-0.003663,26,0,No fault,False,19.63
2026-08-11T16:52:06.975,1786459926.975344,1.592816,1,45.000000,2.800000,111,43.400189,0x02,left,27.550671,185,0.076923,26,0,No fault,True,0x01,right,7.857570,150,-0.040293,26,0,No fault,False,19.69
2026-08-11T16:52:06.990,1786459926.990666,1.608137,1,45.000000,2.800000,112,43.615731,0x02,left,28.009667,502,0.040293,26,0,No fault,True,0x01,right,8.185424,608,0.054945,26,0,No fault,False,19.82
2026-08-11T16:52:07.009,1786459927.009339,1.626830,1,45.000000,2.800000,113,43.816003,0x02,left,28.446806,573,0.025641,26,0,No fault,True,0x01,right,8.666276,467,0.091575,26,0,No fault,False,19.78
2026-08-11T16:52:07.029,1786459927.029939,1.647442,1,45.000000,2.800000,114,44.040514,0x02,left,29.080657,837,0.018315,25,0,No fault,False,0x01,right,9.234557,467,0.128205,26,0,No fault,True,19.85
2026-08-11T16:52:07.044,1786459927.044580,1.662102,1,45.000000,2.800000,115,44.262341,0x02,left,29.605224,309,0.032967,26,0,No fault,False,0x01,right,9.693552,397,0.172161,26,0,No fault,True,19.91
2026-08-11T16:52:07.059,1786459927.059874,1.677388,1,45.000000,2.800000,116,44.401580,0x02,left,29.954935,326,0.120879,25,0,No fault,True,0x01,right,10.130691,767,0.135531,26,0,No fault,False,19.82
2026-08-11T16:52:07.075,1786459927.075377,1.692864,1,45.000000,2.800000,117,44.529251,0x02,left,30.326503,573,0.069597,25,0,No fault,True,0x01,right,10.611544,432,0.113553,26,0,No fault,False,19.71
2026-08-11T16:52:07.090,1786459927.090861,1.708373,1,45.000000,2.800000,118,44.644734,0x02,left,30.719928,626,0.076923,26,0,No fault,True,0x01,right,11.201681,714,0.025641,26,0,No fault,False,19.52
2026-08-11T16:52:07.106,1786459927.106443,1.724006,1,45.000000,2.800000,119,44.745727,0x02,left,31.004068,273,0.135531,25,0,No fault,True,0x01,right,11.835532,679,-0.018315,26,0,No fault,False,19.17
2026-08-11T16:52:07.121,1786459927.121633,1.739166,1,45.000000,2.800000,120,44.830260,0x02,left,31.484920,626,0.062271,26,0,No fault,True,0x01,right,12.469384,520,0.062271,26,0,No fault,False,19.02
2026-08-11T16:52:07.134,1786459927.134443,1.751943,1,45.000000,2.800000,121,44.894870,0x02,left,31.943916,767,0.076923,26,0,No fault,False,0x01,right,12.797238,432,0.047619,26,0,No fault,True,19.15
2026-08-11T16:52:07.147,1786459927.147157,1.764635,1,45.000000,2.800000,122,44.937567,0x02,left,32.249913,379,0.076923,25,0,No fault,False,0x01,right,13.365518,450,0.113553,26,0,No fault,True,18.88
2026-08-11T16:52:07.159,1786459927.159498,1.776989,1,45.000000,2.800000,123,44.968766,0x02,left,32.534053,256,0.069597,26,0,No fault,False,0x01,right,13.671515,344,0.120879,26,0,No fault,True,18.86
2026-08-11T16:52:07.173,1786459927.173169,1.790662,1,45.000000,2.800000,124,44.989268,0x02,left,32.905621,820,0.047619,26,0,No fault,False,0x01,right,14.283510,379,0.179487,26,0,No fault,True,18.62
2026-08-11T16:52:07.185,1786459927.185280,1.802803,1,45.000000,2.800000,125,44.999440,0x02,left,33.167905,626,0.040293,26,0,No fault,False,0x01,right,14.414651,361,0.128205,26,0,No fault,True,18.75
2026-08-11T16:52:07.199,1786459927.199579,1.817111,1,45.000000,2.800000,126,45.000000,0x02,left,33.495759,502,0.076923,25,0,No fault,False,0x01,right,14.939218,555,0.062271,26,0,No fault,True,18.56
2026-08-11T16:52:07.223,1786459927.223414,1.841017,1,45.000000,2.800000,127,45.000000,0x02,left,33.954755,502,0.040293,26,0,No fault,True,0x01,right,15.616783,361,0.003663,26,0,No fault,False,18.34
2026-08-11T16:52:07.237,1786459927.237660,1.855166,1,45.000000,2.800000,128,45.000000,0x02,left,34.348179,432,0.076923,26,0,No fault,False,0x01,right,16.272491,538,-0.062271,26,0,No fault,True,18.08
2026-08-11T16:52:07.253,1786459927.253473,1.871005,1,45.000000,2.800000,129,45.000000,0x02,left,34.697890,802,0.040293,26,0,No fault,True,0x01,right,16.884485,714,0.062271,26,0,No fault,False,17.81
2026-08-11T16:52:07.266,1786459927.266121,1.883637,1,45.000000,2.800000,130,45.000000,0x02,left,35.025745,520,0.098901,26,0,No fault,False,0x01,right,17.277910,379,0.106227,26,0,No fault,True,17.75
2026-08-11T16:52:07.278,1786459927.278773,1.896259,1,45.000000,2.800000,131,45.000000,0x02,left,35.331742,749,0.135531,26,0,No fault,False,0x01,right,17.824334,467,0.150183,26,0,No fault,True,17.51
2026-08-11T16:52:07.291,1786459927.291362,1.908846,1,45.000000,2.800000,132,45.000000,0x02,left,35.550311,414,0.091575,25,0,No fault,False,0x01,right,18.152188,344,0.157509,26,0,No fault,True,17.40
2026-08-11T16:52:07.304,1786459927.304524,1.922022,1,45.000000,2.800000,133,45.000000,0x02,left,35.878165,520,0.084249,25,0,No fault,False,0x01,right,18.742325,379,0.120879,26,0,No fault,True,17.14
2026-08-11T16:52:07.316,1786459927.316950,1.934441,1,45.000000,2.800000,134,45.000000,0x02,left,36.096735,361,0.098901,26,0,No fault,False,0x01,right,19.070179,485,0.113553,26,0,No fault,True,17.03
2026-08-11T16:52:07.330,1786459927.330889,1.948392,1,45.000000,2.800000,135,45.000000,0x02,left,36.686872,467,0.062271,25,0,No fault,False,0x01,right,19.769601,714,0.047619,26,0,No fault,True,16.92
2026-08-11T16:52:07.342,1786459927.342386,1.959866,1,45.000000,2.800000,136,45.000000,0x02,left,36.839870,397,0.018315,26,0,No fault,False,0x01,right,20.163026,626,-0.032967,26,0,No fault,True,16.68
2026-08-11T16:52:07.356,1786459927.356596,1.974194,1,45.000000,2.800000,137,45.000000,0x02,left,37.036583,220,0.084249,26,0,No fault,True,0x01,right,20.906162,943,0.032967,26,0,No fault,False,16.13
2026-08-11T16:52:07.369,1786459927.369036,1.986546,1,45.000000,2.800000,138,45.000000,0x02,left,37.320723,203,0.054945,26,0,No fault,False,0x01,right,21.277730,450,0.032967,26,0,No fault,True,16.04
2026-08-11T16:52:07.382,1786459927.382336,1.999833,1,45.000000,2.800000,139,45.000000,0x02,left,37.670434,432,0.018315,25,0,No fault,False,0x01,right,22.042723,520,0.128205,26,0,No fault,True,15.63
2026-08-11T16:52:07.395,1786459927.395175,2.012669,1,45.000000,2.800000,140,45.000000,0x02,left,37.932717,220,0.003663,26,0,No fault,False,0x01,right,22.173864,309,0.186813,26,0,No fault,True,15.76
2026-08-11T16:52:07.407,1786459927.407851,2.025336,1,45.000000,2.800000,141,45.000000,0x02,left,38.238715,538,0.040293,26,0,No fault,False,0x01,right,22.720288,97,0.142857,26,0,No fault,True,15.52
2026-08-11T16:52:07.433,1786459927.433106,2.050603,1,45.000000,2.800000,142,45.000000,0x02,left,38.435427,379,0.069597,26,0,No fault,True,0x01,right,23.441567,767,0.062271,26,0,No fault,False,14.99
2026-08-11T16:52:07.447,1786459927.447761,2.065270,1,45.000000,2.800000,143,45.000000,0x02,left,38.916280,256,0.062271,26,0,No fault,False,0x01,right,23.856849,696,0.025641,26,0,No fault,True,15.06
2026-08-11T16:52:07.462,1786459927.462947,2.080476,1,45.000000,2.800000,144,45.000000,0x02,left,39.222277,256,0.076923,25,0,No fault,False,0x01,right,24.512557,538,-0.003663,26,0,No fault,True,14.71
2026-08-11T16:52:07.476,1786459927.476387,2.093900,1,45.000000,2.800000,145,45.000000,0x02,left,39.506417,167,0.084249,25,0,No fault,False,0x01,right,25.190122,855,0.018315,26,0,No fault,True,14.32
2026-08-11T16:52:07.491,1786459927.491825,2.109333,1,45.000000,2.800000,146,45.000000,0x02,left,39.615702,309,0.106227,26,0,No fault,True,0x01,right,25.780259,643,0.091575,26,0,No fault,False,13.84
2026-08-11T16:52:07.507,1786459927.507166,2.124665,1,45.000000,2.800000,147,45.000000,0x02,left,39.899842,520,0.091575,26,0,No fault,True,0x01,right,26.151827,450,0.120879,26,0,No fault,False,13.75
2026-08-11T16:52:07.520,1786459927.520003,2.137496,1,45.000000,2.800000,148,45.000000,0x02,left,40.183982,361,0.062271,25,0,No fault,False,0x01,right,26.567109,379,0.186813,26,0,No fault,True,13.62
2026-08-11T16:52:07.532,1786459927.532830,2.150324,1,45.000000,2.800000,149,45.000000,0x02,left,40.402551,344,0.076923,25,0,No fault,False,0x01,right,27.026105,273,0.150183,26,0,No fault,True,13.38
2026-08-11T16:52:07.545,1786459927.545433,2.162969,1,45.000000,2.800000,150,45.000000,0x02,left,40.555550,115,0.076923,26,0,No fault,False,0x01,right,27.463244,379,0.113553,26,0,No fault,True,13.09
2026-08-11T16:52:07.558,1786459927.558846,2.176344,1,45.000000,2.800000,151,45.000000,0x02,left,40.839690,520,0.069597,25,0,No fault,False,0x01,right,27.944096,591,0.076923,26,0,No fault,True,12.90
2026-08-11T16:52:07.571,1786459927.571157,2.188651,1,45.000000,2.800000,152,45.000000,0x02,left,40.927118,256,0.069597,26,0,No fault,False,0x01,right,28.490520,749,-0.032967,26,0,No fault,True,12.44
2026-08-11T16:52:07.584,1786459927.584423,2.201896,1,45.000000,2.800000,153,45.000000,0x02,left,41.211258,291,0.040293,26,0,No fault,False,0x01,right,29.430368,520,-0.010989,26,0,No fault,True,11.78
2026-08-11T16:52:07.596,1786459927.596597,2.214076,1,45.000000,2.800000,154,45.000000,0x02,left,41.342400,291,0.040293,26,0,No fault,False,0x01,right,29.648938,555,0.025641,26,0,No fault,True,11.69
2026-08-11T16:52:07.610,1786459927.610121,2.227602,1,45.000000,2.800000,155,45.000000,0x02,left,41.692111,256,0.069597,26,0,No fault,False,0x01,right,30.151647,432,0.128205,26,0,No fault,True,11.54
2026-08-11T16:52:07.634,1786459927.634210,2.251715,1,45.000000,2.800000,156,45.000000,0x02,left,41.779539,256,0.018315,26,0,No fault,True,0x01,right,30.479501,361,0.164835,26,0,No fault,False,11.30
2026-08-11T16:52:07.646,1786459927.646232,2.263715,1,45.000000,2.800000,157,45.000000,0x02,left,42.063679,626,0.040293,25,0,No fault,False,0x01,right,30.960354,273,0.172161,26,0,No fault,True,11.10
2026-08-11T16:52:07.658,1786459927.658108,2.275610,1,45.000000,2.800000,158,45.000000,0x02,left,42.216677,26,0.054945,26,0,No fault,False,0x01,right,31.288208,432,0.157509,26,0,No fault,True,10.93
2026-08-11T16:52:07.670,1786459927.670805,2.288285,1,45.000000,2.800000,159,45.000000,0x02,left,42.391533,62,0.047619,25,0,No fault,False,0x01,right,31.769061,485,0.098901,26,0,No fault,True,10.62
2026-08-11T16:52:07.682,1786459927.682209,2.299678,1,45.000000,2.800000,160,45.000000,0x02,left,42.478961,361,0.069597,26,0,No fault,False,0x01,right,32.118772,573,0.098901,26,0,No fault,True,10.36
2026-08-11T16:52:07.693,1786459927.693698,2.311170,1,45.000000,2.800000,161,45.000000,0x02,left,42.653816,344,0.062271,26,0,No fault,False,0x01,right,32.490340,520,0.018315,26,0,No fault,True,10.16
2026-08-11T16:52:07.706,1786459927.706961,2.324445,1,45.000000,2.800000,162,45.000000,0x02,left,42.763101,97,0.047619,25,0,No fault,False,0x01,right,33.124191,432,-0.018315,26,0,No fault,True,9.64
2026-08-11T16:52:07.718,1786459927.718360,2.335835,1,45.000000,2.800000,163,45.000000,0x02,left,42.872386,-79,0.040293,26,0,No fault,False,0x01,right,33.517616,450,-0.032967,26,0,No fault,True,9.35
2026-08-11T16:52:07.732,1786459927.732642,2.350124,1,45.000000,2.800000,164,45.000000,0x02,left,43.047241,291,0.047619,26,0,No fault,False,0x01,right,34.042182,467,0.076923,26,0,No fault,True,9.01
2026-08-11T16:52:07.744,1786459927.744359,2.361836,1,45.000000,2.800000,165,45.000000,0x02,left,43.112812,256,0.047619,26,0,No fault,False,0x01,right,34.391893,450,0.106227,26,0,No fault,True,8.72
2026-08-11T16:52:07.758,1786459927.758329,2.375807,1,45.000000,2.800000,166,45.000000,0x02,left,43.243954,-9,0.084249,26,0,No fault,False,0x01,right,34.807175,150,0.157509,26,0,No fault,True,8.44
2026-08-11T16:52:07.769,1786459927.769748,2.387237,1,45.000000,2.800000,167,45.000000,0x02,left,43.309524,62,0.084249,26,0,No fault,False,0x01,right,35.113172,467,0.172161,26,0,No fault,True,8.20
2026-08-11T16:52:07.781,1786459927.781080,2.398540,1,45.000000,2.800000,168,45.000000,0x02,left,43.396952,203,0.098901,26,0,No fault,False,0x01,right,35.419169,361,0.142857,26,0,No fault,True,7.98
2026-08-11T16:52:07.794,1786459927.794436,2.411910,1,45.000000,2.800000,169,45.000000,0x02,left,43.462523,79,0.098901,26,0,No fault,False,0x01,right,36.118591,414,0.091575,26,0,No fault,True,7.34
2026-08-11T16:52:07.805,1786459927.805664,2.423158,1,45.000000,2.800000,170,45.000000,0x02,left,43.528094,185,0.113553,26,0,No fault,False,0x01,right,36.271590,555,0.098901,26,0,No fault,True,7.26
2026-08-11T16:52:07.820,1786459927.820068,2.437546,1,45.000000,2.800000,171,45.000000,0x02,left,43.593665,150,0.106227,26,0,No fault,False,0x01,right,36.686872,291,0.040293,26,0,No fault,True,6.91
2026-08-11T16:52:07.841,1786459927.841933,2.459477,1,45.000000,2.800000,172,45.000000,0x02,left,43.659235,9,0.120879,26,0,No fault,False,0x01,right,36.992869,397,0.025641,26,0,No fault,True,6.67
2026-08-11T16:52:07.856,1786459927.856032,2.473528,1,45.000000,2.800000,173,45.000000,0x02,left,43.746663,256,0.084249,26,0,No fault,False,0x01,right,37.583006,273,0.018315,25,0,No fault,True,6.16
2026-08-11T16:52:07.869,1786459927.869401,2.486948,1,45.000000,2.800000,174,45.000000,0x02,left,43.812234,9,0.084249,26,0,No fault,False,0x01,right,37.976431,273,0.032967,26,0,No fault,True,5.84
2026-08-11T16:52:07.882,1786459927.882140,2.499632,1,45.000000,2.800000,175,45.000000,0x02,left,43.855948,97,0.069597,26,0,No fault,False,0x01,right,38.282428,432,0.040293,26,0,No fault,True,5.57
2026-08-11T16:52:07.895,1786459927.895021,2.512517,1,45.000000,2.800000,176,45.000000,0x02,left,43.921519,-203,0.098901,25,0,No fault,False,0x01,right,38.675853,203,0.120879,26,0,No fault,True,5.25
2026-08-11T16:52:07.907,1786459927.907450,2.524937,1,45.000000,2.800000,177,45.000000,0x02,left,43.943376,-62,0.106227,25,0,No fault,False,0x01,right,38.894423,273,0.142857,26,0,No fault,True,5.05
2026-08-11T16:52:07.920,1786459927.920690,2.538185,1,45.000000,2.800000,178,45.000000,0x02,left,43.987089,150,0.098901,26,0,No fault,False,0x01,right,39.222277,273,0.157509,26,0,No fault,True,4.76
2026-08-11T16:52:07.932,1786459927.932873,2.550354,1,45.000000,2.800000,179,45.000000,0x02,left,44.030803,256,0.084249,25,0,No fault,False,0x01,right,39.418989,291,0.135531,26,0,No fault,True,4.61
2026-08-11T16:52:07.946,1786459927.946742,2.564239,1,45.000000,2.800000,180,45.000000,0x02,left,44.052660,-44,0.076923,26,0,No fault,False,0x01,right,39.703129,291,0.135531,26,0,No fault,True,4.35
2026-08-11T16:52:07.958,1786459927.958515,2.576000,1,45.000000,2.800000,181,45.000000,0x02,left,44.074517,132,0.091575,26,0,No fault,False,0x01,right,39.921699,467,0.142857,26,0,No fault,True,4.15
2026-08-11T16:52:07.972,1786459927.972536,2.590034,1,45.000000,2.800000,182,45.000000,0x02,left,44.096374,-26,0.106227,25,0,No fault,True,0x01,right,40.227696,238,0.120879,26,0,No fault,False,3.87
2026-08-11T16:52:07.984,1786459927.984185,2.601666,1,45.000000,2.800000,183,45.000000,0x02,left,44.096374,-220,0.106227,26,0,No fault,False,0x01,right,40.621121,220,0.084249,26,0,No fault,True,3.48
2026-08-11T16:52:07.998,1786459927.998540,2.616031,1,45.000000,2.800000,184,45.000000,0x02,left,44.140088,79,0.098901,25,0,No fault,True,0x01,right,40.686692,326,0.032967,26,0,No fault,False,3.45
2026-08-11T16:52:08.010,1786459928.010310,2.627800,1,45.000000,2.800000,185,45.000000,0x02,left,44.161945,9,0.084249,26,0,No fault,False,0x01,right,41.145687,555,-0.054945,26,0,No fault,True,3.02
2026-08-11T16:52:08.024,1786459928.024254,2.641742,1,45.000000,2.800000,186,45.000000,0x02,left,44.183802,44,0.069597,25,0,No fault,False,0x01,right,41.473541,238,-0.047619,26,0,No fault,True,2.71
2026-08-11T16:52:08.049,1786459928.049114,2.666641,1,45.000000,2.800000,187,45.000000,0x02,left,44.183802,-62,0.098901,26,0,No fault,True,0x01,right,41.801396,467,-0.003663,26,0,No fault,False,2.38
2026-08-11T16:52:08.062,1786459928.062939,2.680410,1,45.000000,2.800000,188,45.000000,0x02,left,44.205659,62,0.084249,25,0,No fault,False,0x01,right,42.107393,238,0.018315,26,0,No fault,True,2.10
2026-08-11T16:52:08.074,1786459928.074295,2.691768,1,45.000000,2.800000,189,45.000000,0x02,left,44.227516,167,0.069597,26,0,No fault,False,0x01,right,42.282248,256,0.054945,26,0,No fault,True,1.95
2026-08-11T16:52:08.088,1786459928.088398,2.705907,1,45.000000,2.800000,190,45.000000,0x02,left,44.249373,-62,0.069597,25,0,No fault,True,0x01,right,42.544531,273,0.054945,26,0,No fault,False,1.70
2026-08-11T16:52:08.100,1786459928.100530,2.718021,1,45.000000,2.800000,191,45.000000,0x02,left,44.249373,97,0.106227,26,0,No fault,False,0x01,right,42.675673,150,0.062271,26,0,No fault,True,1.57
2026-08-11T16:52:08.114,1786459928.114625,2.732096,1,45.000000,2.800000,192,45.000000,0x02,left,44.271230,97,0.106227,26,0,No fault,False,0x01,right,42.894243,26,0.128205,26,0,No fault,True,1.38
2026-08-11T16:52:08.125,1786459928.125913,2.743381,1,45.000000,2.800000,193,45.000000,0x02,left,44.271230,9,0.054945,26,0,No fault,False,0x01,right,43.003527,150,0.098901,26,0,No fault,True,1.27
2026-08-11T16:52:08.137,1786459928.137561,2.755030,1,45.000000,2.800000,194,45.000000,0x02,left,44.271230,-44,0.098901,25,0,No fault,False,0x01,right,43.112812,62,0.128205,26,0,No fault,True,1.16
2026-08-11T16:52:08.150,1786459928.150465,2.767934,1,45.000000,2.800000,195,45.000000,0x02,left,44.271230,185,0.084249,25,0,No fault,False,0x01,right,43.243954,185,0.113553,26,0,No fault,True,1.03
2026-08-11T16:52:08.161,1786459928.161745,2.779213,1,45.000000,2.800000,196,45.000000,0x02,left,44.271230,-203,0.098901,26,0,No fault,False,0x01,right,43.309524,26,0.128205,26,0,No fault,True,0.96
2026-08-11T16:52:08.173,1786459928.173153,2.790622,1,45.000000,2.800000,197,45.000000,0x02,left,44.293087,9,0.098901,26,0,No fault,False,0x01,right,43.396952,132,0.150183,26,0,No fault,True,0.90
2026-08-11T16:52:08.186,1786459928.186801,2.804274,1,45.000000,2.800000,198,45.000000,0x02,left,44.293087,9,0.098901,25,0,No fault,False,0x01,right,43.506237,379,0.128205,26,0,No fault,True,0.79
2026-08-11T16:52:08.252,1786459928.252745,2.870260,2,-45.000000,2.800000,1,-0.000000,0x02,left,44.293087,26,0.091575,26,0,No fault,False,0x01,right,43.637378,203,0.186813,26,0,No fault,True,0.66
2026-08-11T16:52:08.264,1786459928.264375,2.881848,2,-45.000000,2.800000,2,-0.028230,0x02,left,44.293087,-115,0.098901,26,0,No fault,False,0x01,right,43.659235,-238,0.157509,26,0,No fault,True,0.63
2026-08-11T16:52:08.277,1786459928.277840,2.895324,2,-45.000000,2.800000,3,-0.055136,0x02,left,44.293087,-291,0.076923,25,0,No fault,False,0x01,right,43.681092,-291,0.164835,26,0,No fault,True,0.61
2026-08-11T16:52:08.289,1786459928.289425,2.906919,2,-45.000000,2.800000,4,-0.098083,0x02,left,44.314944,26,0.113553,25,0,No fault,False,0x01,right,43.702949,9,0.150183,26,0,No fault,True,0.61
2026-08-11T16:52:08.303,1786459928.303054,2.920523,2,-45.000000,2.800000,5,-0.144957,0x02,left,44.314944,220,0.113553,26,0,No fault,False,0x01,right,43.746663,-9,0.150183,26,0,No fault,True,0.57
2026-08-11T16:52:08.315,1786459928.315055,2.932528,2,-45.000000,2.800000,6,-0.211788,0x02,left,44.314944,132,0.113553,26,0,No fault,False,0x01,right,44.052660,-44,0.076923,26,0,No fault,True,0.26
2026-08-11T16:52:08.328,1786459928.328674,2.946201,2,-45.000000,2.800000,7,-0.281317,0x02,left,44.314944,-44,0.098901,26,0,No fault,False,0x01,right,43.790377,9,0.164835,26,0,No fault,True,0.52
2026-08-11T16:52:08.340,1786459928.340865,2.958364,2,-45.000000,2.800000,8,-0.373236,0x02,left,44.314944,-26,0.076923,26,0,No fault,False,0x01,right,43.790377,-97,0.164835,26,0,No fault,True,0.52
2026-08-11T16:52:08.354,1786459928.354222,2.971711,2,-45.000000,2.800000,9,-0.467404,0x02,left,44.314944,-150,0.113553,26,0,No fault,False,0x01,right,43.834091,150,0.142857,26,0,No fault,True,0.48
2026-08-11T16:52:08.366,1786459928.366329,2.983808,2,-45.000000,2.800000,10,-0.576248,0x02,left,44.314944,26,0.098901,26,0,No fault,False,0x01,right,43.834091,-9,0.172161,26,0,No fault,True,0.48
2026-08-11T16:52:08.379,1786459928.379920,2.997401,2,-45.000000,2.800000,11,-0.687550,0x02,left,44.314944,-79,0.098901,26,0,No fault,False,0x01,right,43.855948,44,0.135531,26,0,No fault,True,0.46
2026-08-11T16:52:08.391,1786459928.391903,3.009381,2,-45.000000,2.800000,12,-0.824446,0x02,left,44.314944,-185,0.084249,26,0,No fault,False,0x01,right,43.855948,-132,0.135531,26,0,No fault,True,0.46
2026-08-11T16:52:08.405,1786459928.405560,3.023047,2,-45.000000,2.800000,13,-0.955959,0x02,left,44.314944,-97,0.091575,26,0,No fault,False,0x01,right,43.877805,26,0.172161,26,0,No fault,True,0.44
2026-08-11T16:52:08.417,1786459928.417471,3.034942,2,-45.000000,2.800000,14,-1.117369,0x02,left,44.314944,-132,0.106227,26,0,No fault,False,0x01,right,43.877805,44,0.164835,26,0,No fault,True,0.44
2026-08-11T16:52:08.431,1786459928.431278,3.048790,2,-45.000000,2.800000,15,-1.265932,0x02,left,44.314944,-185,0.120879,26,0,No fault,True,0x01,right,43.899662,256,0.157509,26,0,No fault,False,0.42
2026-08-11T16:52:11.373,1786459931.373036,5.990534,2,-45.000000,2.800000,16,-1.454266,0x02,left,72.619679,-256,-0.003663,26,0,No fault,False,0x01,right,-0.010928,-9,-0.003663,-40,0,No fault,True,72.63
2026-08-11T16:52:11.387,1786459931.387429,6.004916,2,-45.000000,2.800000,17,-45.000000,0x02,left,72.641536,115,-0.003663,26,0,No fault,False,0x01,right,72.619679,-97,-0.003663,26,0,No fault,True,0.02
2026-08-11T16:52:11.398,1786459931.398974,6.016448,2,-45.000000,2.800000,18,-45.000000,0x02,left,72.619679,-132,-0.003663,26,0,No fault,False,0x01,right,36.053021,-185,-0.003663,26,0,No fault,True,36.57
2026-08-11T16:52:11.413,1786459931.413162,6.030644,2,-45.000000,2.800000,19,-45.000000,0x02,left,72.619679,-132,-0.003663,26,0,No fault,False,0x01,right,36.074878,-79,-0.003663,26,0,No fault,True,36.54
2026-08-11T16:52:11.426,1786459931.426002,6.043485,2,-45.000000,2.800000,20,-45.000000,0x02,left,72.641536,273,-0.003663,26,0,No fault,False,0x01,right,72.641536,291,-0.003663,26,0,No fault,True,0.00
2026-08-11T16:52:11.439,1786459931.439142,6.056621,2,-45.000000,2.800000,21,-45.000000,0x02,left,72.619679,-115,-0.003663,26,0,No fault,False,0x01,right,72.619679,-44,-0.003663,26,0,No fault,True,0.00
2026-08-11T16:52:11.450,1786459931.450523,6.068002,2,-45.000000,2.800000,22,-45.000000,0x02,left,72.641536,44,-0.003663,26,0,No fault,False,0x01,right,72.619679,-132,-0.003663,26,0,No fault,True,0.02
2026-08-11T16:52:11.464,1786459931.464377,6.081847,2,-45.000000,2.800000,23,-45.000000,0x02,left,72.641536,-62,-0.003663,26,0,No fault,False,0x01,right,72.619679,-132,-0.003663,26,0,No fault,True,0.02
2026-08-11T16:52:11.475,1786459931.475758,6.093235,2,-45.000000,2.800000,24,-45.000000,0x02,left,72.619679,-132,-0.003663,26,0,No fault,False,0x01,right,72.641536,273,-0.003663,26,0,No fault,True,-0.02
2026-08-11T16:52:11.487,1786459931.487393,6.104867,2,-45.000000,2.800000,25,-45.000000,0x02,left,72.641536,-44,-0.003663,26,0,No fault,False,0x01,right,72.641536,44,-0.003663,26,0,No fault,True,0.00
2026-08-11T16:52:11.500,1786459931.500160,6.117633,2,-45.000000,2.800000,26,-45.000000,0x02,left,72.641536,220,-0.003663,26,0,No fault,False,0x01,right,36.074878,256,-0.003663,26,0,No fault,True,36.57
2026-08-11T16:52:11.515,1786459931.515472,6.132941,2,-45.000000,2.800000,27,-45.000000,0x02,left,72.619679,-203,-0.003663,26,0,No fault,False,0x01,right,72.641536,44,-0.003663,26,0,No fault,True,-0.02
2026-08-11T16:52:11.526,1786459931.526789,6.144263,2,-45.000000,2.800000,28,-45.000000,0x02,left,72.619679,-26,-0.003663,26,0,No fault,False,0x01,right,72.641536,132,-0.003663,26,0,No fault,True,-0.02
2026-08-11T16:52:11.538,1786459931.538370,6.155846,2,-45.000000,2.800000,29,-45.000000,0x02,left,72.641536,79,-0.003663,26,0,No fault,False,0x01,right,72.641536,-26,-0.003663,26,0,No fault,True,0.00
2026-08-11T16:52:11.551,1786459931.551546,6.169024,2,-45.000000,2.800000,30,-45.000000,0x02,left,72.641536,203,-0.003663,26,0,No fault,False,0x01,right,36.074878,-97,-0.003663,26,0,No fault,True,36.57
2026-08-11T16:52:11.568,1786459931.568770,6.186258,2,-45.000000,2.800000,31,-45.000000,0x02,left,72.619679,-62,-0.003663,26,0,No fault,False,0x01,right,72.619679,-132,-0.003663,26,0,No fault,False,0.00
2026-08-11T16:52:11.580,1786459931.580527,6.198009,2,-45.000000,2.800000,32,-45.000000,0x02,left,72.619679,-150,-0.003663,26,0,No fault,False,0x01,right,72.619679,-97,-0.003663,26,0,No fault,True,0.00
2026-08-11T16:52:11.594,1786459931.594735,6.212214,2,-45.000000,2.800000,33,-45.000000,0x02,left,72.641536,44,-0.003663,26,0,No fault,False,0x01,right,36.074878,273,-0.003663,26,0,No fault,True,36.57
2026-08-11T16:52:11.610,1786459931.610008,6.227486,2,-45.000000,2.800000,34,-45.000000,0x02,left,72.641536,132,-0.003663,26,0,No fault,False,0x01,right,72.641536,238,-0.003663,26,0,No fault,True,0.00
2026-08-11T16:52:11.621,1786459931.621532,6.239017,2,-45.000000,2.800000,35,-45.000000,0x02,left,72.641536,167,-0.003663,26,0,No fault,False,0x01,right,72.641536,220,-0.003663,26,0,No fault,True,0.00
2026-08-11T16:52:11.635,1786459931.635526,6.253001,2,-45.000000,2.800000,36,-45.000000,0x02,left,72.619679,-115,-0.003663,26,0,No fault,False,0x01,right,36.074878,150,-0.003663,26,0,No fault,True,36.54
2026-08-11T16:52:11.647,1786459931.647100,6.264580,2,-45.000000,2.800000,37,-45.000000,0x02,left,72.641536,150,-0.003663,26,0,No fault,False,0x01,right,36.074878,-167,-0.003663,26,0,No fault,True,36.57
2026-08-11T16:52:11.661,1786459931.661054,6.278533,2,-45.000000,2.800000,38,-45.000000,0x02,left,72.619679,-115,-0.003663,26,0,No fault,False,0x01,right,72.641536,185,-0.003663,26,0,No fault,True,-0.02
2026-08-11T16:52:11.672,1786459931.672554,6.290031,2,-45.000000,2.800000,39,-45.000000,0x02,left,72.619679,-79,-0.003663,26,0,No fault,False,0x01,right,72.619679,-26,-0.003663,26,0,No fault,True,0.00
2026-08-11T16:52:11.686,1786459931.686644,6.304116,2,-45.000000,2.800000,40,-45.000000,0x02,left,72.619679,-79,-0.003663,26,0,No fault,False,0x01,right,36.074878,-26,-0.003663,26,0,No fault,True,36.54
2026-08-11T16:52:11.698,1786459931.698121,6.315593,2,-45.000000,2.800000,41,-45.000000,0x02,left,72.619679,-62,-0.003663,26,0,No fault,False,0x01,right,36.074878,-97,-0.003663,26,0,No fault,True,36.54
2026-08-11T16:52:11.712,1786459931.712096,6.329573,2,-45.000000,2.800000,42,-45.000000,0x02,left,72.641536,97,-0.003663,26,0,No fault,False,0x01,right,72.641536,-9,-0.003663,26,0,No fault,True,0.00
2026-08-11T16:52:11.723,1786459931.723589,6.341059,2,-45.000000,2.800000,43,-45.000000,0x02,left,72.641536,273,-0.003663,26,0,No fault,False,0x01,right,72.641536,203,-0.003663,26,0,No fault,True,0.00
2026-08-11T16:52:11.737,1786459931.737586,6.355059,2,-45.000000,2.800000,44,-45.000000,0x02,left,72.619679,-167,-0.003663,26,0,No fault,False,0x01,right,36.074878,115,-0.003663,26,0,No fault,True,36.54
2026-08-11T16:52:11.749,1786459931.749020,6.366496,2,-45.000000,2.800000,45,-45.000000,0x02,left,72.641536,26,-0.003663,26,0,No fault,False,0x01,right,36.074878,79,-0.003663,26,0,No fault,True,36.57
2026-08-11T16:52:11.768,1786459931.768183,6.385666,2,-45.000000,2.800000,46,-45.000000,0x02,left,72.619679,-203,-0.003663,26,0,No fault,False,0x01,right,72.641536,238,-0.003663,26,0,No fault,False,-0.02
2026-08-11T16:52:11.781,1786459931.781024,6.398505,2,-45.000000,2.800000,47,-45.000000,0x02,left,72.619679,-256,-0.003663,26,0,No fault,False,0x01,right,36.074878,-79,-0.003663,26,0,No fault,True,36.54
2026-08-11T16:52:11.795,1786459931.795191,6.412662,2,-45.000000,2.800000,48,-45.000000,0x02,left,72.619679,-132,-0.003663,26,0,No fault,False,0x01,right,72.641536,115,-0.003663,26,0,No fault,True,-0.02
2026-08-11T16:52:11.806,1786459931.806782,6.424269,2,-45.000000,2.800000,49,-45.000000,0x02,left,72.641536,185,-0.003663,26,0,No fault,False,0x01,right,72.641536,44,-0.003663,26,0,No fault,True,0.00
2026-08-11T16:52:11.820,1786459931.820675,6.438148,2,-45.000000,2.800000,50,-45.000000,0x02,left,72.641536,97,-0.003663,26,0,No fault,False,0x01,right,36.074878,-115,-0.003663,26,0,No fault,True,36.57
2026-08-11T16:52:11.832,1786459931.832067,6.449539,2,-45.000000,2.800000,51,-45.000000,0x02,left,72.619679,-97,-0.003663,26,0,No fault,False,0x01,right,36.074878,62,-0.003663,26,0,No fault,True,36.54
2026-08-11T16:52:11.846,1786459931.846174,6.463649,2,-45.000000,2.800000,52,-45.000000,0x02,left,72.619679,-97,-0.003663,26,0,No fault,False,0x01,right,72.641536,44,-0.003663,26,0,No fault,True,-0.02
2026-08-11T16:52:11.857,1786459931.857589,6.475058,2,-45.000000,2.800000,53,-45.000000,0x02,left,72.619679,-115,-0.003663,26,0,No fault,False,0x01,right,72.619679,-273,-0.003663,26,0,No fault,True,0.00
2026-08-11T16:52:11.871,1786459931.871596,6.489068,2,-45.000000,2.800000,54,-45.000000,0x02,left,72.641536,273,-0.003663,26,0,No fault,False,0x01,right,36.074878,62,-0.003663,26,0,No fault,True,36.57
2026-08-11T16:52:11.882,1786459931.882922,6.500392,2,-45.000000,2.800000,55,-45.000000,0x02,left,72.619679,-220,-0.003663,26,0,No fault,False,0x01,right,36.074878,-79,-0.003663,26,0,No fault,True,36.54
2026-08-11T16:52:11.897,1786459931.897029,6.514498,2,-45.000000,2.800000,56,-45.000000,0x02,left,72.641536,-115,-0.003663,26,0,No fault,False,0x01,right,72.619679,-9,-0.003663,26,0,No fault,True,0.02
2026-08-11T16:52:11.908,1786459931.908250,6.525721,2,-45.000000,2.800000,57,-45.000000,0x02,left,72.619679,-79,-0.003663,26,0,No fault,False,0x01,right,72.641536,62,-0.003663,26,0,No fault,True,-0.02
2026-08-11T16:52:11.922,1786459931.922452,6.539922,2,-45.000000,2.800000,58,-45.000000,0x02,left,72.619679,-273,-0.003663,26,0,No fault,False,0x01,right,36.074878,115,-0.003663,26,0,No fault,True,36.54
2026-08-11T16:52:11.933,1786459931.933666,6.551134,2,-45.000000,2.800000,59,-45.000000,0x02,left,72.641536,150,-0.003663,26,0,No fault,False,0x01,right,36.074878,-62,-0.003663,26,0,No fault,True,36.57
2026-08-11T16:52:11.944,1786459931.944963,6.562430,2,-45.000000,2.800000,60,-45.000000,0x02,left,72.619679,-115,-0.003663,26,0,No fault,False,0x01,right,36.053021,-185,-0.003663,26,0,No fault,True,36.57
2026-08-11T16:52:11.958,1786459931.958344,6.575811,2,-45.000000,2.800000,61,-45.000000,0x02,left,72.619679,-256,-0.003663,26,0,No fault,False,0x01,right,72.641536,185,-0.003663,26,0,No fault,True,-0.02
2026-08-11T16:52:11.977,1786459931.977086,6.594568,2,-45.000000,2.800000,62,-45.000000,0x02,left,72.619679,-273,-0.003663,26,0,No fault,True,0x01,right,36.074878,203,-0.003663,26,0,No fault,False,36.54
2026-08-11T16:52:11.990,1786459931.990674,6.608145,2,-45.000000,2.800000,63,-45.000000,0x02,left,72.641536,220,-0.003663,26,0,No fault,False,0x01,right,36.053021,-203,-0.003663,26,0,No fault,True,36.59
2026-08-11T16:52:12.001,1786459932.001870,6.619339,2,-45.000000,2.800000,64,-45.000000,0x02,left,72.619679,-150,-0.003663,26,0,No fault,False,0x01,right,36.074878,167,-0.003663,26,0,No fault,True,36.54
2026-08-11T16:52:12.016,1786459932.016085,6.633552,2,-45.000000,2.800000,65,-45.000000,0x02,left,72.619679,-115,-0.003663,26,0,No fault,False,0x01,right,36.074878,-79,-0.003663,26,0,No fault,True,36.54
2026-08-11T16:52:12.027,1786459932.027162,6.644628,2,-45.000000,2.800000,66,-45.000000,0x02,left,72.641536,62,-0.003663,26,0,No fault,False,0x01,right,36.074878,-167,-0.003663,26,0,No fault,True,36.57
2026-08-11T16:52:12.041,1786459932.041566,6.659033,2,-45.000000,2.800000,67,-45.000000,0x02,left,72.619679,-132,-0.003663,26,0,No fault,False,0x01,right,72.641536,97,-0.003663,26,0,No fault,True,-0.02
2026-08-11T16:52:12.052,1786459932.052545,6.670019,2,-45.000000,2.800000,68,-45.000000,0x02,left,72.641536,132,-0.003663,26,0,No fault,False,0x01,right,72.641536,79,-0.003663,26,0,No fault,True,0.00
2026-08-11T16:52:12.067,1786459932.067065,6.684531,2,-45.000000,2.800000,69,-45.000000,0x02,left,72.641536,26,-0.003663,26,0,No fault,False,0x01,right,36.074878,344,-0.003663,26,0,No fault,True,36.57
2026-08-11T16:52:12.078,1786459932.078165,6.695641,2,-45.000000,2.800000,70,-45.000000,0x02,left,72.641536,115,-0.003663,26,0,No fault,False,0x01,right,36.074878,-79,-0.003663,26,0,No fault,True,36.57
2026-08-11T16:52:12.092,1786459932.092589,6.710063,2,-45.000000,2.800000,71,-45.000000,0x02,left,72.619679,-273,-0.003663,26,0,No fault,False,0x01,right,72.619679,-167,-0.003663,26,0,No fault,True,0.00
2026-08-11T16:52:12.104,1786459932.104247,6.721761,2,-45.000000,2.800000,72,-45.000000,0x02,left,72.619679,-132,-0.003663,26,0,No fault,False,0x01,right,72.641536,115,-0.003663,26,0,No fault,True,-0.02
2026-08-11T16:52:12.118,1786459932.118195,6.735660,2,-45.000000,2.800000,73,-45.000000,0x02,left,72.641536,62,-0.003663,26,0,No fault,False,0x01,right,36.074878,-115,-0.003663,26,0,No fault,True,36.57
2026-08-11T16:52:12.129,1786459932.129131,6.746594,2,-45.000000,2.800000,74,-45.000000,0x02,left,72.619679,-238,-0.003663,26,0,No fault,False,0x01,right,36.074878,-44,-0.003663,26,0,No fault,True,36.54
2026-08-11T16:52:12.140,1786459932.140207,6.757675,2,-45.000000,2.800000,75,-45.000000,0x02,left,72.619679,-291,-0.003663,26,0,No fault,False,0x01,right,36.074878,115,-0.003663,26,0,No fault,True,36.54
2026-08-11T16:52:12.153,1786459932.153983,6.771453,2,-45.000000,2.800000,76,-45.000000,0x02,left,72.619679,-62,-0.003663,26,0,No fault,False,0x01,right,72.641536,9,-0.003663,26,0,No fault,True,-0.02
2026-08-11T16:52:12.165,1786459932.165004,6.782470,2,-45.000000,2.800000,77,-45.000000,0x02,left,72.641536,97,-0.003663,26,0,No fault,False,0x01,right,72.641536,44,-0.003663,26,0,No fault,True,0.00
2026-08-11T16:52:12.187,1786459932.187233,6.804737,2,-45.000000,2.800000,78,-45.000000,0x02,left,72.619679,-220,-0.003663,26,0,No fault,True,0x01,right,72.619679,-256,-0.003663,26,0,No fault,False,0.00
2026-08-11T16:52:12.199,1786459932.199140,6.816637,2,-45.000000,2.800000,79,-45.000000,0x02,left,72.619679,-273,-0.003663,26,0,No fault,False,0x01,right,72.641536,115,-0.003663,26,0,No fault,True,-0.02
2026-08-11T16:52:12.213,1786459932.213368,6.830849,2,-45.000000,2.800000,80,-45.000000,0x02,left,72.641536,-44,-0.003663,26,0,No fault,False,0x01,right,36.074878,97,-0.003663,26,0,No fault,True,36.57
2026-08-11T16:52:12.225,1786459932.225191,6.842670,2,-45.000000,2.800000,81,-45.000000,0x02,left,72.619679,26,-0.003663,26,0,No fault,False,0x01,right,36.074878,-115,-0.003663,26,0,No fault,True,36.54
2026-08-11T16:52:12.238,1786459932.238848,6.856339,2,-45.000000,2.800000,82,-45.000000,0x02,left,72.641536,62,-0.003663,26,0,No fault,False,0x01,right,72.641536,185,-0.003663,26,0,No fault,True,0.00
2026-08-11T16:52:12.250,1786459932.250429,6.867919,2,-45.000000,2.800000,83,-45.000000,0x02,left,72.619679,-115,-0.003663,26,0,No fault,False,0x01,right,72.619679,-167,-0.003663,26,0,No fault,True,0.00
2026-08-11T16:52:12.264,1786459932.264673,6.882151,2,-45.000000,2.800000,84,-45.000000,0x02,left,72.619679,-150,-0.003663,26,0,No fault,False,0x01,right,36.074878,-44,-0.003663,26,0,No fault,True,36.54
2026-08-11T16:52:12.276,1786459932.276194,6.893670,2,-45.000000,2.800000,85,-45.000000,0x02,left,72.619679,-79,-0.003663,26,0,No fault,False,0x01,right,36.074878,9,-0.003663,26,0,No fault,True,36.54
2026-08-11T16:52:12.290,1786459932.290357,6.907835,2,-45.000000,2.800000,86,-45.000000,0x02,left,72.641536,9,-0.003663,26,0,No fault,False,0x01,right,72.641536,79,-0.003663,26,0,No fault,True,0.00
2026-08-11T16:52:12.301,1786459932.301768,6.919253,2,-45.000000,2.800000,87,-45.000000,0x02,left,72.619679,-97,-0.003663,26,0,No fault,False,0x01,right,72.619679,-256,-0.003663,26,0,No fault,True,0.00
2026-08-11T16:52:12.316,1786459932.316061,6.933540,2,-45.000000,2.800000,88,-45.000000,0x02,left,72.619679,-309,-0.003663,26,0,No fault,False,0x01,right,36.074878,9,-0.003663,26,0,No fault,True,36.54
2026-08-11T16:52:12.327,1786459932.327666,6.945147,2,-45.000000,2.800000,89,-45.000000,0x02,left,72.641536,44,-0.003663,26,0,No fault,False,0x01,right,36.074878,79,-0.003663,26,0,No fault,True,36.57
2026-08-11T16:52:12.341,1786459932.341331,6.958816,2,-45.000000,2.800000,90,-45.000000,0x02,left,72.641536,9,-0.003663,26,0,No fault,False,0x01,right,72.641536,167,-0.003663,26,0,No fault,True,0.00
2026-08-11T16:52:12.353,1786459932.353152,6.970645,2,-45.000000,2.800000,91,-45.000000,0x02,left,72.641536,79,-0.003663,26,0,No fault,False,0x01,right,72.619679,-79,-0.003663,26,0,No fault,True,0.02
2026-08-11T16:52:12.367,1786459932.367568,6.985059,2,-45.000000,2.800000,92,-45.000000,0x02,left,72.619679,-203,-0.003663,26,0,No fault,False,0x01,right,36.074878,203,-0.003663,26,0,No fault,True,36.54
2026-08-11T16:52:12.388,1786459932.388133,7.005627,2,-45.000000,2.800000,93,-45.000000,0x02,left,72.641536,-26,-0.003663,26,0,No fault,True,0x01,right,72.619679,-220,-0.003663,26,0,No fault,False,0.02
2026-08-11T16:52:12.403,1786459932.403227,7.020713,3,45.000000,2.800000,1,0.000000,0x02,left,72.641536,220,-0.003663,26,0,No fault,False,0x01,right,36.053021,-309,-0.003663,26,0,No fault,True,36.59
2026-08-11T16:52:12.418,1786459932.418790,7.036288,3,45.000000,2.800000,2,0.005582,0x02,left,72.619679,-115,-0.003663,26,0,No fault,False,0x01,right,72.641536,-115,-0.003663,26,0,No fault,True,-0.02
2026-08-11T16:52:12.433,1786459932.433968,7.051461,3,45.000000,2.800000,3,0.028066,0x02,left,72.619679,-220,-0.003663,26,0,No fault,False,0x01,right,36.074878,-9,-0.003663,26,0,No fault,True,36.54
2026-08-11T16:52:12.449,1786459932.449377,7.066868,3,45.000000,2.800000,4,0.065288,0x02,left,72.641536,62,-0.003663,26,0,No fault,False,0x01,right,72.641536,97,-0.003663,26,0,No fault,True,0.00
2026-08-11T16:52:12.464,1786459932.464575,7.082070,3,45.000000,2.800000,5,0.119546,0x02,left,72.641536,115,-0.003663,26,0,No fault,False,0x01,right,36.074878,-115,-0.003663,26,0,No fault,True,36.57
2026-08-11T16:52:12.479,1786459932.479827,7.097315,3,45.000000,2.800000,6,0.188034,0x02,left,72.641536,-26,-0.003663,26,0,No fault,False,0x01,right,72.641536,291,-0.003663,26,0,No fault,True,0.00
2026-08-11T16:52:12.495,1786459932.495117,7.112608,3,45.000000,2.800000,7,0.273201,0x02,left,72.641536,26,-0.003663,26,0,No fault,False,0x01,right,36.074878,44,-0.003663,26,0,No fault,True,36.57
2026-08-11T16:52:12.506,1786459932.506714,7.124195,3,45.000000,2.800000,8,0.374211,0x02,left,72.619679,-44,-0.003663,26,0,No fault,False,0x01,right,36.074878,-26,-0.003663,26,0,No fault,True,36.54
2026-08-11T16:52:12.521,1786459932.521075,7.138550,3,45.000000,2.800000,9,0.461280,0x02,left,72.641536,-62,-0.003663,26,0,No fault,False,0x01,right,72.619679,-115,-0.003663,26,0,No fault,True,0.02
2026-08-11T16:52:12.535,1786459932.535834,7.153321,3,45.000000,2.800000,10,0.581321,0x02,left,72.619679,-9,-0.003663,26,0,No fault,False,0x01,right,36.074878,62,-0.003663,26,0,No fault,True,36.54
2026-08-11T16:52:12.547,1786459932.547751,7.165238,3,45.000000,2.800000,11,0.720323,0x02,left,72.641536,79,-0.003663,26,0,No fault,False,0x01,right,36.074878,203,-0.003663,26,0,No fault,True,36.57
2026-08-11T16:52:12.561,1786459932.561671,7.179198,3,45.000000,2.800000,12,0.842515,0x02,left,72.641536,79,-0.003663,26,0,No fault,False,0x01,right,36.074878,185,-0.003663,26,0,No fault,True,36.57
2026-08-11T16:52:12.573,1786459932.573751,7.191246,3,45.000000,2.800000,13,0.999531,0x02,left,72.619679,-79,-0.003663,26,0,No fault,False,0x01,right,72.641536,44,-0.003663,26,0,No fault,True,-0.02
2026-08-11T16:52:12.594,1786459932.594870,7.212363,3,45.000000,2.800000,14,1.149647,0x02,left,72.619679,-79,-0.003663,26,0,No fault,False,0x01,right,72.641536,115,-0.003663,26,0,No fault,True,-0.02
2026-08-11T16:52:12.610,1786459932.610154,7.227629,3,45.000000,2.800000,15,1.416881,0x02,left,72.641536,44,-0.003663,26,0,No fault,True,0x01,right,36.074878,-79,-0.003663,26,0,No fault,False,36.57
2026-08-11T16:52:12.625,1786459932.625416,7.242924,3,45.000000,2.800000,16,1.632636,0x02,left,72.641536,220,-0.003663,26,0,No fault,True,0x01,right,72.619679,-167,-0.003663,26,0,No fault,False,0.02
2026-08-11T16:52:12.640,1786459932.640717,7.258202,3,45.000000,2.800000,17,1.865017,0x02,left,72.619679,-185,-0.003663,26,0,No fault,True,0x01,right,36.053021,-220,-0.003663,26,0,No fault,False,36.57
2026-08-11T16:52:12.656,1786459932.656010,7.273499,3,45.000000,2.800000,18,2.112939,0x02,left,72.619679,-79,-0.003663,26,0,No fault,True,0x01,right,72.619679,-115,-0.003663,26,0,No fault,False,0.00
2026-08-11T16:52:12.671,1786459932.671627,7.289105,3,45.000000,2.800000,19,2.373385,0x02,left,72.619679,-238,-0.003663,26,0,No fault,True,0x01,right,36.074878,26,-0.003663,26,0,No fault,False,36.54
2026-08-11T16:52:12.684,1786459932.684349,7.301836,3,45.000000,2.800000,20,2.656765,0x02,left,72.619679,-238,-0.003663,26,0,No fault,False,0x01,right,36.074878,115,-0.003663,26,0,No fault,True,36.54
2026-08-11T16:52:12.697,1786459932.697557,7.315029,3,45.000000,2.800000,21,2.897100,0x02,left,72.641536,97,-0.003663,26,0,No fault,False,0x01,right,72.619679,26,-0.003663,26,0,No fault,True,0.02
2026-08-11T16:52:12.709,1786459932.709686,7.327157,3,45.000000,2.800000,22,3.154403,0x02,left,72.619679,-26,-0.003663,26,0,No fault,False,0x01,right,72.619679,-132,-0.003663,26,0,No fault,True,0.00
2026-08-11T16:52:12.723,1786459932.723154,7.340629,3,45.000000,2.800000,23,3.400939,0x02,left,72.641536,44,-0.003663,26,0,No fault,False,0x01,right,36.074878,-9,-0.003663,26,0,No fault,True,36.57
2026-08-11T16:52:12.735,1786459932.735122,7.352591,3,45.000000,2.800000,24,3.686037,0x02,left,72.619679,-150,-0.003663,26,0,No fault,False,0x01,right,36.074878,115,-0.003663,26,0,No fault,True,36.54
2026-08-11T16:52:12.748,1786459932.748635,7.366105,3,45.000000,2.800000,25,3.947395,0x02,left,72.619679,-167,-0.003663,26,0,No fault,False,0x01,right,72.641536,115,-0.003663,26,0,No fault,True,-0.02
2026-08-11T16:52:12.760,1786459932.760569,7.378047,3,45.000000,2.800000,26,4.252969,0x02,left,72.641536,220,-0.003663,26,0,No fault,False,0x01,right,72.641536,26,-0.003663,26,0,No fault,True,0.00
2026-08-11T16:52:12.774,1786459932.774136,7.391614,3,45.000000,2.800000,27,4.531595,0x02,left,72.641536,97,-0.003663,26,0,No fault,False,0x01,right,36.074878,26,-0.003663,26,0,No fault,True,36.57
2026-08-11T16:52:12.793,1786459932.793536,7.411021,3,45.000000,2.800000,28,4.857040,0x02,left,72.619679,-79,-0.003663,26,0,No fault,False,0x01,right,72.619679,-132,-0.003663,26,0,No fault,True,0.00
2026-08-11T16:52:12.807,1786459932.807329,7.424814,3,45.000000,2.800000,29,5.341560,0x02,left,72.641536,44,-0.003663,26,0,No fault,False,0x01,right,36.053021,-220,-0.003663,26,0,No fault,True,36.59
2026-08-11T16:52:12.818,1786459932.818972,7.436445,3,45.000000,2.800000,30,5.695571,0x02,left,72.641536,62,-0.003663,26,0,No fault,False,0x01,right,36.074878,291,-0.003663,26,0,No fault,True,36.57
2026-08-11T16:52:12.829,1786459932.829979,7.447444,3,45.000000,2.800000,31,6.001726,0x02,left,72.641536,62,-0.003663,26,0,No fault,False,0x01,right,36.074878,-62,-0.003663,26,0,No fault,True,36.57
2026-08-11T16:52:12.843,1786459932.843120,7.460599,3,45.000000,2.800000,32,6.303508,0x02,left,72.619679,-185,-0.003663,26,0,No fault,False,0x01,right,36.074878,167,-0.003663,26,0,No fault,True,36.54
2026-08-11T16:52:12.855,1786459932.855090,7.472559,3,45.000000,2.800000,33,6.662222,0x02,left,72.619679,-132,-0.003663,26,0,No fault,False,0x01,right,36.053021,-167,-0.003663,26,0,No fault,True,36.57
2026-08-11T16:52:12.868,1786459932.868615,7.486083,3,45.000000,2.800000,34,6.997709,0x02,left,72.619679,-291,-0.003663,26,0,No fault,True,0x01,right,36.074878,-79,-0.003663,26,0,No fault,False,36.54
2026-08-11T16:52:12.880,1786459932.880290,7.497749,3,45.000000,2.800000,35,7.386252,0x02,left,72.619679,-97,-0.003663,26,0,No fault,False,0x01,right,36.074878,-62,-0.003663,26,0,No fault,True,36.54
2026-08-11T16:52:12.894,1786459932.894027,7.511497,3,45.000000,2.800000,36,7.728750,0x02,left,72.641536,150,-0.003663,26,0,No fault,True,0x01,right,36.074878,26,-0.003663,26,0,No fault,False,36.57
2026-08-11T16:52:12.905,1786459932.905800,7.523272,3,45.000000,2.800000,37,8.140682,0x02,left,72.619679,-203,-0.003663,26,0,No fault,False,0x01,right,36.074878,132,-0.003663,26,0,No fault,True,36.54
2026-08-11T16:52:12.919,1786459932.919472,7.536946,3,45.000000,2.800000,38,8.501732,0x02,left,72.641536,-26,-0.003663,26,0,No fault,True,0x01,right,36.074878,79,-0.003663,26,0,No fault,False,36.57
2026-08-11T16:52:12.931,1786459932.931204,7.548678,3,45.000000,2.800000,39,8.924604,0x02,left,72.619679,-9,-0.003663,26,0,No fault,False,0x01,right,36.074878,-62,-0.003663,26,0,No fault,True,36.54
2026-08-11T16:52:12.942,1786459932.942589,7.560084,3,45.000000,2.800000,40,9.294400,0x02,left,72.641536,-26,-0.003663,26,0,No fault,False,0x01,right,36.074878,97,-0.003663,26,0,No fault,True,36.57
2026-08-11T16:52:12.957,1786459932.957548,7.575059,3,45.000000,2.800000,41,9.671916,0x02,left,72.619679,-185,-0.003663,26,0,No fault,False,0x01,right,36.074878,-62,-0.003663,26,0,No fault,True,36.54
2026-08-11T16:52:12.970,1786459932.970885,7.588372,3,45.000000,2.800000,42,10.162589,0x02,left,72.641536,97,-0.003663,26,0,No fault,False,0x01,right,36.074878,115,-0.003663,26,0,No fault,True,36.57
2026-08-11T16:52:12.982,1786459932.982425,7.599889,3,45.000000,2.800000,43,10.591135,0x02,left,72.641536,203,-0.003663,26,0,No fault,False,0x01,right,36.074878,203,-0.003663,26,0,No fault,True,36.57
2026-08-11T16:52:13.003,1786459933.003836,7.621369,3,45.000000,2.800000,44,10.973826,0x02,left,72.641536,-167,-0.003663,26,0,No fault,True,0x01,right,36.074878,9,-0.003663,26,0,No fault,False,36.57
2026-08-11T16:52:13.015,1786459933.015615,7.633097,3,45.000000,2.800000,45,11.716409,0x02,left,72.619679,44,-0.003663,26,0,No fault,False,0x01,right,36.074878,9,-0.003663,26,0,No fault,True,36.54
2026-08-11T16:52:13.030,1786459933.030204,7.647704,3,45.000000,2.800000,46,12.147844,0x02,left,72.619679,-62,-0.003663,26,0,No fault,False,0x01,right,36.074878,97,-0.003663,26,0,No fault,True,36.54
2026-08-11T16:52:13.041,1786459933.041387,7.658856,3,45.000000,2.800000,47,12.626357,0x02,left,72.619679,-203,-0.003663,26,0,No fault,False,0x01,right,36.074878,150,-0.003663,26,0,No fault,True,36.54
2026-08-11T16:52:13.055,1786459933.055552,7.673025,3,45.000000,2.800000,48,13.020189,0x02,left,72.619679,-167,-0.003663,26,0,No fault,False,0x01,right,36.074878,79,-0.003663,26,0,No fault,True,36.54
2026-08-11T16:52:13.066,1786459933.066537,7.684004,3,45.000000,2.800000,49,13.526966,0x02,left,72.619679,-79,-0.003663,26,0,No fault,False,0x01,right,36.074878,-115,-0.003663,26,0,No fault,True,36.54
2026-08-11T16:52:13.077,1786459933.077729,7.695193,3,45.000000,2.800000,50,13.923428,0x02,left,72.641536,26,-0.003663,26,0,No fault,False,0x01,right,72.641536,62,-0.003663,26,0,No fault,True,0.00
2026-08-11T16:52:13.091,1786459933.091210,7.708676,3,45.000000,2.800000,51,14.335935,0x02,left,72.641536,-97,-0.003663,26,0,No fault,False,0x01,right,36.074878,-9,-0.003663,26,0,No fault,True,36.57
2026-08-11T16:52:13.102,1786459933.102289,7.719757,3,45.000000,2.800000,52,14.827205,0x02,left,72.619679,-185,-0.003663,26,0,No fault,False,0x01,right,36.074878,-97,-0.003663,26,0,No fault,True,36.54
2026-08-11T16:52:13.113,1786459933.113292,7.730758,3,45.000000,2.800000,53,15.237576,0x02,left,72.641536,238,-0.003663,26,0,No fault,False,0x01,right,36.053021,-132,-0.003663,26,0,No fault,True,36.59
2026-08-11T16:52:13.126,1786459933.126817,7.744282,3,45.000000,2.800000,54,15.657344,0x02,left,72.641536,-115,-0.003663,26,0,No fault,False,0x01,right,36.053021,-432,-0.003663,26,0,No fault,True,36.59
2026-08-11T16:52:13.137,1786459933.137745,7.755206,3,45.000000,2.800000,55,16.154934,0x02,left,72.619679,-220,-0.003663,26,0,No fault,False,0x01,right,36.074878,150,-0.003663,26,0,No fault,True,36.54
2026-08-11T16:52:13.148,1786459933.148628,7.766095,3,45.000000,2.800000,56,16.567634,0x02,left,72.641536,-44,-0.003663,26,0,No fault,False,0x01,right,36.074878,62,-0.003663,26,0,No fault,True,36.57
2026-08-11T16:52:13.159,1786459933.159794,7.777255,3,45.000000,2.800000,57,16.981623,0x02,left,72.641536,26,-0.003663,26,0,No fault,False,0x01,right,36.074878,79,-0.003663,26,0,No fault,True,36.57
2026-08-11T16:52:13.172,1786459933.172700,7.790167,3,45.000000,2.800000,58,17.411310,0x02,left,72.619679,-44,-0.003663,26,0,No fault,False,0x01,right,36.074878,97,-0.003663,26,0,No fault,True,36.54
2026-08-11T16:52:13.183,1786459933.183896,7.801376,3,45.000000,2.800000,59,17.904711,0x02,left,72.619679,-9,-0.003663,26,0,No fault,False,0x01,right,36.074878,9,-0.003663,26,0,No fault,True,36.54
2026-08-11T16:52:13.210,1786459933.210936,7.828423,3,45.000000,2.800000,60,18.337064,0x02,left,72.619679,-256,-0.003663,26,0,No fault,False,0x01,right,36.053021,-203,-0.003663,26,0,No fault,True,36.57
2026-08-11T16:52:13.222,1786459933.222769,7.840245,3,45.000000,2.800000,61,19.385878,0x02,left,72.641536,167,-0.003663,26,0,No fault,False,0x01,right,36.074878,79,-0.003663,26,0,No fault,True,36.57
2026-08-11T16:52:13.236,1786459933.236327,7.853796,3,45.000000,2.800000,62,19.843645,0x02,left,72.619679,-185,-0.003663,26,0,No fault,True,0x01,right,36.074878,-115,-0.003663,26,0,No fault,False,36.54
2026-08-11T16:52:13.248,1786459933.248175,7.865656,3,45.000000,2.800000,63,20.372087,0x02,left,72.619679,-62,-0.003663,26,0,No fault,False,0x01,right,36.074878,-44,-0.003663,26,0,No fault,True,36.54
2026-08-11T16:52:13.261,1786459933.261814,7.879284,3,45.000000,2.800000,64,20.837455,0x02,left,72.619679,-115,-0.003663,26,0,No fault,True,0x01,right,36.074878,115,-0.003663,26,0,No fault,False,36.54
2026-08-11T16:52:13.273,1786459933.273535,7.891001,3,45.000000,2.800000,65,21.370194,0x02,left,72.641536,309,-0.003663,26,0,No fault,False,0x01,right,36.074878,203,-0.003663,26,0,No fault,True,36.57
2026-08-11T16:52:13.284,1786459933.284455,7.901919,3,45.000000,2.800000,66,21.829407,0x02,left,72.619679,-132,-0.003663,26,0,No fault,False,0x01,right,36.053021,-220,-0.003663,26,0,No fault,True,36.57
2026-08-11T16:52:13.297,1786459933.297498,7.914976,3,45.000000,2.800000,67,22.271395,0x02,left,72.641536,132,-0.003663,26,0,No fault,False,0x01,right,36.074878,115,-0.003663,26,0,No fault,True,36.57
2026-08-11T16:52:13.309,1786459933.309117,7.926587,3,45.000000,2.800000,68,22.773831,0x02,left,72.641536,-26,-0.003663,26,0,No fault,False,0x01,right,36.074878,26,-0.003663,26,0,No fault,True,36.57
2026-08-11T16:52:13.320,1786459933.320098,7.937564,3,45.000000,2.800000,69,23.227825,0x02,left,72.641536,-26,-0.003663,26,0,No fault,False,0x01,right,36.074878,185,-0.003663,26,0,No fault,True,36.57
2026-08-11T16:52:13.333,1786459933.333084,7.950552,3,45.000000,2.800000,70,23.659306,0x02,left,72.619679,-62,-0.003663,26,0,No fault,False,0x01,right,36.074878,-97,-0.003663,26,0,No fault,True,36.54
2026-08-11T16:52:13.345,1786459933.345075,7.962548,3,45.000000,2.800000,71,24.166497,0x02,left,72.619679,-167,-0.003663,26,0,No fault,False,0x01,right,36.074878,-44,-0.003663,26,0,No fault,True,36.54
2026-08-11T16:52:13.358,1786459933.358692,7.976154,3,45.000000,2.800000,72,24.637961,0x02,left,72.641536,203,-0.003663,26,0,No fault,True,0x01,right,36.074878,167,-0.003663,26,0,No fault,False,36.57
2026-08-11T16:52:13.370,1786459933.370445,7.987909,3,45.000000,2.800000,73,25.166435,0x02,left,72.619679,-62,-0.003663,26,0,No fault,False,0x01,right,36.074878,44,-0.003663,26,0,No fault,True,36.54
2026-08-11T16:52:13.381,1786459933.381409,7.998870,3,45.000000,2.800000,74,25.624273,0x02,left,72.619679,-26,-0.003663,26,0,No fault,False,0x01,right,36.074878,26,-0.003663,26,0,No fault,True,36.54
2026-08-11T16:52:13.399,1786459933.399428,8.016916,3,45.000000,2.800000,75,26.053937,0x02,left,72.641536,-9,-0.003663,26,0,No fault,True,0x01,right,36.053021,-220,-0.003663,26,0,No fault,False,36.59
2026-08-11T16:52:13.414,1786459933.414644,8.032117,3,45.000000,2.800000,76,26.755688,0x02,left,72.641536,150,-0.003663,26,0,No fault,False,0x01,right,36.074878,79,-0.003663,26,0,No fault,True,36.57
2026-08-11T16:52:13.429,1786459933.429865,8.047336,3,45.000000,2.800000,77,27.334352,0x02,left,72.641536,185,-0.003663,26,0,No fault,False,0x01,right,36.074878,220,-0.003663,26,0,No fault,True,36.57
2026-08-11T16:52:13.440,1786459933.440866,8.058326,3,45.000000,2.800000,78,27.915450,0x02,left,72.641536,132,-0.003663,26,0,No fault,False,0x01,right,36.053021,-132,-0.003663,26,0,No fault,True,36.59
2026-08-11T16:52:13.455,1786459933.455241,8.072706,3,45.000000,2.800000,79,28.334123,0x02,left,72.641536,62,-0.003663,26,0,No fault,False,0x01,right,36.074878,-62,-0.003663,26,0,No fault,True,36.57
2026-08-11T16:52:13.466,1786459933.466228,8.083694,3,45.000000,2.800000,80,28.876042,0x02,left,72.641536,185,-0.003663,26,0,No fault,False,0x01,right,36.074878,203,-0.003663,26,0,No fault,True,36.57
2026-08-11T16:52:13.480,1786459933.480627,8.098090,3,45.000000,2.800000,81,29.288729,0x02,left,72.641536,150,-0.003663,26,0,No fault,False,0x01,right,36.053021,-203,-0.003663,26,0,No fault,True,36.59
2026-08-11T16:52:13.491,1786459933.491663,8.109126,3,45.000000,2.800000,82,29.825148,0x02,left,72.641536,97,-0.003663,26,0,No fault,False,0x01,right,36.074878,150,-0.003663,26,0,No fault,True,36.57
2026-08-11T16:52:13.506,1786459933.506082,8.123552,3,45.000000,2.800000,83,30.233539,0x02,left,72.641536,-79,-0.003663,26,0,No fault,False,0x01,right,36.053021,-220,-0.003663,26,0,No fault,True,36.59
2026-08-11T16:52:13.517,1786459933.517246,8.134710,3,45.000000,2.800000,84,30.763956,0x02,left,72.641536,220,-0.003663,26,0,No fault,False,0x01,right,36.074878,-62,-0.003663,26,0,No fault,True,36.57
2026-08-11T16:52:13.531,1786459933.531458,8.148924,3,45.000000,2.800000,85,31.252858,0x02,left,72.619679,-132,-0.003663,26,0,No fault,False,0x01,right,36.074878,9,-0.003663,26,0,No fault,True,36.54
2026-08-11T16:52:13.542,1786459933.542408,8.159874,3,45.000000,2.800000,86,31.681271,0x02,left,72.641536,26,-0.003663,26,0,No fault,False,0x01,right,36.053021,-167,-0.003663,26,0,No fault,True,36.59
2026-08-11T16:52:13.556,1786459933.556887,8.174350,3,45.000000,2.800000,87,32.073922,0x02,left,72.619679,-361,-0.003663,26,0,No fault,False,0x01,right,36.074878,26,-0.003663,26,0,No fault,True,36.54
2026-08-11T16:52:13.567,1786459933.567776,8.185243,3,45.000000,2.800000,88,32.584079,0x02,left,72.641536,-9,-0.003663,26,0,No fault,False,0x01,right,36.074878,150,-0.003663,26,0,No fault,True,36.57
2026-08-11T16:52:13.582,1786459933.582289,8.199752,3,45.000000,2.800000,89,32.964648,0x02,left,72.619679,-9,-0.003663,26,0,No fault,False,0x01,right,36.074878,62,-0.003663,26,0,No fault,True,36.54
2026-08-11T16:52:13.598,1786459933.598868,8.216356,3,45.000000,2.800000,90,33.465221,0x02,left,72.641536,97,-0.003663,26,0,No fault,True,0x01,right,36.074878,26,-0.003663,26,0,No fault,False,36.57
2026-08-11T16:52:13.611,1786459933.611904,8.229379,3,45.000000,2.800000,91,34.032803,0x02,left,72.619679,-97,-0.003663,26,0,No fault,False,0x01,right,36.074878,9,-0.003663,26,0,No fault,True,36.54
2026-08-11T16:52:13.624,1786459933.624967,8.242440,3,45.000000,2.800000,92,34.471906,0x02,left,72.641536,-62,-0.003663,26,0,No fault,False,0x01,right,36.074878,-44,-0.003663,26,0,No fault,True,36.57
2026-08-11T16:52:13.637,1786459933.637863,8.255367,3,45.000000,2.800000,93,34.898326,0x02,left,72.619679,-132,-0.003663,26,0,No fault,False,0x01,right,36.053021,-185,-0.003663,26,0,No fault,True,36.57
2026-08-11T16:52:13.650,1786459933.650604,8.268070,3,45.000000,2.800000,94,35.322144,0x02,left,72.641536,97,-0.003663,26,0,No fault,False,0x01,right,36.074878,-44,-0.003663,26,0,No fault,True,36.57
2026-08-11T16:52:13.662,1786459933.662770,8.280243,3,45.000000,2.800000,95,35.724585,0x02,left,72.641536,273,-0.003663,26,0,No fault,False,0x01,right,36.074878,167,-0.003663,26,0,No fault,True,36.57
2026-08-11T16:52:13.676,1786459933.676184,8.293654,3,45.000000,2.800000,96,36.108792,0x02,left,72.619679,-115,-0.003663,26,0,No fault,False,0x01,right,36.074878,26,-0.003663,26,0,No fault,True,36.54
2026-08-11T16:52:13.688,1786459933.688287,8.305753,3,45.000000,2.800000,97,36.524347,0x02,left,72.619679,-79,-0.003663,26,0,No fault,False,0x01,right,36.053021,-150,-0.003663,26,0,No fault,True,36.57
2026-08-11T16:52:13.699,1786459933.699627,8.317105,3,45.000000,2.800000,98,36.892562,0x02,left,72.641536,203,-0.003663,26,0,No fault,False,0x01,right,36.074878,-26,-0.003663,26,0,No fault,True,36.57
2026-08-11T16:52:13.712,1786459933.712365,8.329835,3,45.000000,2.800000,99,37.237654,0x02,left,72.619679,-115,-0.003663,26,0,No fault,False,0x01,right,36.074878,115,-0.003663,26,0,No fault,True,36.54
2026-08-11T16:52:13.724,1786459933.724017,8.341483,3,45.000000,2.800000,100,37.608806,0x02,left,72.641536,220,-0.003663,26,0,No fault,False,0x01,right,36.074878,115,-0.003663,26,0,No fault,True,36.57
2026-08-11T16:52:13.735,1786459933.735080,8.352548,3,45.000000,2.800000,101,37.942422,0x02,left,72.641536,79,-0.003663,26,0,No fault,False,0x01,right,36.053021,-220,-0.003663,26,0,No fault,True,36.59
2026-08-11T16:52:13.748,1786459933.748393,8.365861,3,45.000000,2.800000,102,38.254973,0x02,left,72.619679,-326,-0.003663,26,0,No fault,False,0x01,right,36.053021,-344,-0.003663,26,0,No fault,True,36.57
2026-08-11T16:52:13.759,1786459933.759670,8.377136,3,45.000000,2.800000,103,38.624419,0x02,left,72.619679,-79,-0.003663,26,0,No fault,False,0x01,right,36.074878,44,-0.003663,26,0,No fault,True,36.54
2026-08-11T16:52:13.770,1786459933.770779,8.388265,3,45.000000,2.800000,104,38.930464,0x02,left,72.641536,-44,-0.003663,26,0,No fault,False,0x01,right,36.074878,-132,-0.003663,26,0,No fault,True,36.57
2026-08-11T16:52:13.784,1786459933.784432,8.401908,3,45.000000,2.800000,105,39.227637,0x02,left,72.641536,-26,-0.003663,26,0,No fault,False,0x01,right,36.074878,150,-0.003663,26,0,No fault,True,36.57
2026-08-11T16:52:13.801,1786459933.801588,8.419079,3,45.000000,2.800000,106,39.581720,0x02,left,72.619679,-167,-0.003663,26,0,No fault,True,0x01,right,36.074878,26,-0.003663,26,0,No fault,False,36.54
2026-08-11T16:52:13.813,1786459933.813222,8.430698,3,45.000000,2.800000,107,40.012025,0x02,left,72.619679,-132,-0.003663,26,0,No fault,False,0x01,right,36.074878,-26,-0.003663,26,0,No fault,True,36.54
2026-08-11T16:52:13.827,1786459933.827359,8.444837,3,45.000000,2.800000,108,40.298384,0x02,left,72.619679,-132,-0.003663,26,0,No fault,False,0x01,right,36.074878,-97,-0.003663,26,0,No fault,True,36.54
2026-08-11T16:52:13.838,1786459933.838408,8.455870,3,45.000000,2.800000,109,40.628157,0x02,left,72.619679,-44,-0.003663,26,0,No fault,False,0x01,right,36.074878,9,-0.003663,26,0,No fault,True,36.54
2026-08-11T16:52:13.852,1786459933.852853,8.470321,3,45.000000,2.800000,110,40.880762,0x02,left,72.641536,-62,-0.003663,26,0,No fault,False,0x01,right,36.053021,-185,-0.003663,26,0,No fault,True,36.59
2026-08-11T16:52:13.863,1786459933.863920,8.481384,3,45.000000,2.800000,111,41.202613,0x02,left,72.619679,-167,-0.003663,26,0,No fault,False,0x01,right,36.074878,150,-0.003663,26,0,No fault,True,36.54
2026-08-11T16:52:13.878,1786459933.878445,8.495938,3,45.000000,2.800000,112,41.440304,0x02,left,72.641536,44,-0.003663,26,0,No fault,False,0x01,right,36.074878,-44,-0.003663,26,0,No fault,True,36.57
2026-08-11T16:52:13.889,1786459933.889679,8.507144,3,45.000000,2.800000,113,41.744970,0x02,left,72.619679,-220,-0.003663,26,0,No fault,False,0x01,right,36.074878,-62,-0.003663,26,0,No fault,True,36.54
2026-08-11T16:52:13.903,1786459933.903840,8.521311,3,45.000000,2.800000,114,41.970345,0x02,left,72.619679,-185,-0.003663,26,0,No fault,False,0x01,right,36.074878,-26,-0.003663,26,0,No fault,True,36.54
2026-08-11T16:52:13.915,1786459933.915290,8.532776,3,45.000000,2.800000,115,42.240346,0x02,left,72.641536,79,-0.003663,26,0,No fault,False,0x01,right,36.074878,-62,-0.003663,26,0,No fault,True,36.57
2026-08-11T16:52:13.929,1786459933.929400,8.546873,3,45.000000,2.800000,116,42.455687,0x02,left,72.619679,-79,-0.003663,26,0,No fault,False,0x01,right,36.074878,150,-0.003663,26,0,No fault,True,36.54
2026-08-11T16:52:13.940,1786459933.940452,8.557925,3,45.000000,2.800000,117,42.702431,0x02,left,72.619679,-62,-0.003663,26,0,No fault,False,0x01,right,36.074878,-26,-0.003663,26,0,No fault,True,36.54
2026-08-11T16:52:13.951,1786459933.951592,8.569056,3,45.000000,2.800000,118,42.889642,0x02,left,72.641536,167,-0.003663,26,0,No fault,False,0x01,right,36.053021,-344,-0.003663,26,0,No fault,True,36.59
2026-08-11T16:52:13.965,1786459933.965111,8.582599,3,45.000000,2.800000,119,43.070149,0x02,left,72.619679,-62,-0.003663,26,0,No fault,False,0x01,right,72.641536,185,-0.003663,26,0,No fault,True,-0.02
2026-08-11T16:52:13.978,1786459933.978124,8.595674,3,45.000000,2.800000,120,43.282577,0x02,left,72.641536,-26,-0.003663,26,0,No fault,False,0x01,right,36.074878,115,-0.003663,26,0,No fault,True,36.57
2026-08-11T16:52:13.990,1786459933.990685,8.608161,3,45.000000,2.800000,121,43.481703,0x02,left,72.641536,185,-0.003663,26,0,No fault,False,0x01,right,36.053021,-185,-0.003663,26,0,No fault,True,36.59
2026-08-11T16:52:14.009,1786459934.009490,8.626988,3,45.000000,2.800000,122,43.645113,0x02,left,72.641536,79,-0.003663,26,0,No fault,True,0x01,right,36.074878,-79,-0.003663,26,0,No fault,False,36.57
2026-08-11T16:52:14.023,1786459934.023426,8.640923,3,45.000000,2.800000,123,43.886633,0x02,left,72.641536,150,-0.003663,26,0,No fault,False,0x01,right,36.053021,-115,-0.003663,26,0,No fault,True,36.59
2026-08-11T16:52:14.038,1786459934.038713,8.656193,3,45.000000,2.800000,124,44.050421,0x02,left,72.641536,-26,-0.003663,26,0,No fault,False,0x01,right,36.074878,-97,-0.003663,26,0,No fault,True,36.57
2026-08-11T16:52:14.049,1786459934.049866,8.667337,3,45.000000,2.800000,125,44.214620,0x02,left,72.641536,432,-0.003663,26,0,No fault,False,0x01,right,36.074878,256,-0.003663,26,0,No fault,True,36.57
2026-08-11T16:52:14.064,1786459934.064121,8.681592,3,45.000000,2.800000,126,44.324841,0x02,left,72.619679,-361,-0.003663,26,0,No fault,False,0x01,right,36.074878,97,-0.003663,26,0,No fault,True,36.54
2026-08-11T16:52:14.075,1786459934.075195,8.692658,3,45.000000,2.800000,127,44.454152,0x02,left,72.619679,-167,-0.003663,26,0,No fault,False,0x01,right,36.074878,273,-0.003663,26,0,No fault,True,36.54
2026-08-11T16:52:14.089,1786459934.089487,8.706953,3,45.000000,2.800000,128,44.545213,0x02,left,72.641536,79,-0.003663,26,0,No fault,False,0x01,right,36.053021,-115,-0.003663,26,0,No fault,True,36.59
2026-08-11T16:52:14.100,1786459934.100517,8.717985,3,45.000000,2.800000,129,44.650497,0x02,left,72.619679,-256,-0.003663,26,0,No fault,False,0x01,right,36.074878,-44,-0.003663,26,0,No fault,True,36.54
2026-08-11T16:52:14.114,1786459934.114950,8.732414,3,45.000000,2.800000,130,44.722633,0x02,left,72.619679,-220,-0.003663,26,0,No fault,False,0x01,right,72.641536,9,-0.003663,26,0,No fault,True,-0.02
2026-08-11T16:52:14.125,1786459934.125829,8.743296,3,45.000000,2.800000,131,44.804075,0x02,left,72.641536,79,-0.003663,26,0,No fault,False,0x01,right,36.074878,167,-0.003663,26,0,No fault,True,36.57
2026-08-11T16:52:14.140,1786459934.140369,8.757837,3,45.000000,2.800000,132,44.856330,0x02,left,72.641536,115,-0.003663,26,0,No fault,False,0x01,right,36.074878,79,-0.003663,26,0,No fault,True,36.57
2026-08-11T16:52:14.151,1786459934.151300,8.768764,3,45.000000,2.800000,133,44.913518,0x02,left,72.641536,185,-0.003663,26,0,No fault,False,0x01,right,36.074878,-150,-0.003663,26,0,No fault,True,36.57
2026-08-11T16:52:14.165,1786459934.165712,8.783175,3,45.000000,2.800000,134,44.947035,0x02,left,72.619679,-132,-0.003663,26,0,No fault,False,0x01,right,36.074878,79,-0.003663,26,0,No fault,True,36.54
2026-08-11T16:52:14.176,1786459934.176575,8.794039,3,45.000000,2.800000,135,44.978709,0x02,left,72.641536,97,-0.003663,26,0,No fault,False,0x01,right,72.641536,62,-0.003663,26,0,No fault,True,0.00
2026-08-11T16:52:14.187,1786459934.187485,8.804946,3,45.000000,2.800000,136,44.993234,0x02,left,72.619679,-44,-0.003663,26,0,No fault,False,0x01,right,36.074878,-9,-0.003663,26,0,No fault,True,36.54
2026-08-11T16:52:14.206,1786459934.206388,8.823855,3,45.000000,2.800000,137,44.999657,0x02,left,72.641536,26,-0.003663,26,0,No fault,False,0x01,right,36.074878,203,-0.003663,26,0,No fault,False,36.57
2026-08-11T16:52:14.223,1786459934.223449,8.840918,3,45.000000,2.800000,138,45.000000,0x02,left,72.619679,-97,-0.003663,26,0,No fault,False,0x01,right,36.074878,132,-0.003663,26,0,No fault,True,36.54
2026-08-11T16:52:14.237,1786459934.237489,8.854963,3,45.000000,2.800000,139,45.000000,0x02,left,72.641536,-44,-0.003663,26,0,No fault,False,0x01,right,36.074878,220,-0.003663,26,0,No fault,True,36.57
2026-08-11T16:52:14.248,1786459934.248835,8.866305,3,45.000000,2.800000,140,45.000000,0x02,left,72.619679,-185,-0.003663,26,0,No fault,False,0x01,right,36.074878,-97,-0.003663,26,0,No fault,True,36.54
2026-08-11T16:52:14.262,1786459934.262918,8.880390,3,45.000000,2.800000,141,45.000000,0x02,left,72.641536,44,-0.003663,26,0,No fault,False,0x01,right,36.074878,-9,-0.003663,26,0,No fault,True,36.57
2026-08-11T16:52:14.273,1786459934.273886,8.891357,3,45.000000,2.800000,142,45.000000,0x02,left,72.619679,-97,-0.003663,26,0,No fault,False,0x01,right,36.053021,-150,-0.003663,26,0,No fault,True,36.57
2026-08-11T16:52:14.284,1786459934.284956,8.902422,3,45.000000,2.800000,143,45.000000,0x02,left,72.641536,-79,-0.003663,26,0,No fault,False,0x01,right,36.074878,62,-0.003663,26,0,No fault,True,36.57
2026-08-11T16:52:14.298,1786459934.298546,8.916014,3,45.000000,2.800000,144,45.000000,0x02,left,72.641536,132,-0.003663,26,0,No fault,False,0x01,right,36.074878,62,-0.003663,26,0,No fault,True,36.57
2026-08-11T16:52:14.309,1786459934.309540,8.927002,3,45.000000,2.800000,145,45.000000,0x02,left,72.641536,62,-0.003663,26,0,No fault,False,0x01,right,36.074878,-79,-0.003663,26,0,No fault,True,36.57
2026-08-11T16:52:14.320,1786459934.320449,8.937913,3,45.000000,2.800000,146,45.000000,0x02,left,72.619679,-220,-0.003663,26,0,No fault,False,0x01,right,36.074878,26,-0.003663,26,0,No fault,True,36.54
2026-08-11T16:52:14.334,1786459934.334014,8.951486,3,45.000000,2.800000,147,45.000000,0x02,left,72.619679,-256,-0.003663,26,0,No fault,False,0x01,right,36.074878,-97,-0.003663,26,0,No fault,True,36.54
2026-08-11T16:52:14.344,1786459934.344933,8.962396,3,45.000000,2.800000,148,45.000000,0x02,left,72.641536,132,-0.003663,26,0,No fault,False,0x01,right,36.074878,44,-0.003663,26,0,No fault,True,36.57
2026-08-11T16:52:14.356,1786459934.356045,8.973521,3,45.000000,2.800000,149,45.000000,0x02,left,72.641536,185,-0.003663,26,0,No fault,False,0x01,right,72.641536,26,-0.003663,26,0,No fault,True,0.00
2026-08-11T16:52:14.369,1786459934.369760,8.987224,3,45.000000,2.800000,150,45.000000,0x02,left,72.619679,-115,-0.003663,26,0,No fault,False,0x01,right,36.074878,62,-0.003663,26,0,No fault,True,36.54
2026-08-11T16:52:14.380,1786459934.380630,8.998091,3,45.000000,2.800000,151,45.000000,0x02,left,72.641536,-9,-0.003663,26,0,No fault,False,0x01,right,36.074878,115,-0.003663,26,0,No fault,True,36.57
2026-08-11T16:52:14.391,1786459934.391603,9.009065,3,45.000000,2.800000,152,45.000000,0x02,left,72.619679,-62,-0.003663,26,0,No fault,False,0x01,right,36.074878,-150,-0.003663,26,0,No fault,True,36.54
2026-08-11T16:52:14.411,1786459934.411401,9.028907,3,45.000000,2.800000,153,45.000000,0x02,left,72.641536,9,-0.003663,26,0,No fault,True,0x01,right,36.074878,-185,-0.003663,26,0,No fault,False,36.57
2026-08-11T16:52:14.426,1786459934.426730,9.044205,3,45.000000,2.800000,154,45.000000,0x02,left,72.641536,97,-0.003663,26,0,No fault,False,0x01,right,36.074878,-79,-0.003663,26,0,No fault,True,36.57
2026-08-11T16:52:14.437,1786459934.437918,9.055400,3,45.000000,2.800000,155,45.000000,0x02,left,72.641536,291,-0.003663,26,0,No fault,False,0x01,right,36.074878,9,-0.003663,26,0,No fault,True,36.57
2026-08-11T16:52:14.452,1786459934.452194,9.069677,3,45.000000,2.800000,156,45.000000,0x02,left,72.641536,-97,-0.003663,26,0,No fault,False,0x01,right,36.074878,185,-0.003663,26,0,No fault,True,36.57
2026-08-11T16:52:14.463,1786459934.463282,9.080752,3,45.000000,2.800000,157,45.000000,0x02,left,72.619679,-132,-0.003663,26,0,No fault,False,0x01,right,36.074878,-150,-0.003663,26,0,No fault,True,36.54
2026-08-11T16:52:14.477,1786459934.477590,9.095075,3,45.000000,2.800000,158,45.000000,0x02,left,72.619679,9,-0.003663,26,0,No fault,False,0x01,right,36.074878,-9,-0.003663,26,0,No fault,True,36.54
2026-08-11T16:52:14.488,1786459934.488792,9.106272,3,45.000000,2.800000,159,45.000000,0x02,left,72.641536,-44,-0.003663,26,0,No fault,False,0x01,right,36.074878,97,-0.003663,26,0,No fault,True,36.57
2026-08-11T16:52:14.502,1786459934.502980,9.120444,3,45.000000,2.800000,160,45.000000,0x02,left,72.641536,115,-0.003663,26,0,No fault,False,0x01,right,36.074878,-9,-0.003663,26,0,No fault,True,36.57
2026-08-11T16:52:14.513,1786459934.513903,9.131368,3,45.000000,2.800000,161,45.000000,0x02,left,72.641536,-79,-0.003663,26,0,No fault,False,0x01,right,36.074878,-62,-0.003663,26,0,No fault,True,36.57
2026-08-11T16:52:14.525,1786459934.525341,9.142824,3,45.000000,2.800000,162,45.000000,0x02,left,72.641536,26,-0.003663,26,0,No fault,False,0x01,right,36.074878,-150,-0.003663,26,0,No fault,True,36.57
2026-08-11T16:52:14.538,1786459934.538660,9.156136,3,45.000000,2.800000,163,45.000000,0x02,left,72.619679,-79,-0.003663,26,0,No fault,False,0x01,right,36.074878,-185,-0.003663,26,0,No fault,True,36.54
2026-08-11T16:52:14.549,1786459934.549702,9.167170,3,45.000000,2.800000,164,45.000000,0x02,left,72.641536,26,-0.003663,26,0,No fault,False,0x01,right,36.074878,150,-0.003663,26,0,No fault,True,36.57
2026-08-11T16:52:14.560,1786459934.560704,9.178172,3,45.000000,2.800000,165,45.000000,0x02,left,72.641536,167,-0.003663,26,0,No fault,False,0x01,right,36.053021,-256,-0.003663,26,0,No fault,True,36.59
2026-08-11T16:52:14.574,1786459934.574184,9.191654,3,45.000000,2.800000,166,45.000000,0x02,left,72.641536,291,-0.003663,26,0,No fault,False,0x01,right,36.074878,-26,-0.003663,26,0,No fault,True,36.57
2026-08-11T16:52:14.585,1786459934.585146,9.202613,3,45.000000,2.800000,167,45.000000,0x02,left,72.641536,26,-0.003663,26,0,No fault,False,0x01,right,36.053021,-167,-0.003663,26,0,No fault,True,36.59
2026-08-11T16:52:14.596,1786459934.596238,9.213706,3,45.000000,2.800000,168,45.000000,0x02,left,72.641536,44,-0.003663,26,0,No fault,False,0x01,right,36.074878,97,-0.003663,26,0,No fault,True,36.57
2026-08-11T16:52:14.615,1786459934.615319,9.232816,3,45.000000,2.800000,169,45.000000,0x02,left,72.641536,97,-0.003663,26,0,No fault,True,0x01,right,36.074878,-62,-0.003663,26,0,No fault,False,36.57
2026-08-11T16:52:14.633,1786459934.633033,9.250519,3,45.000000,2.800000,170,45.000000,0x02,left,72.641536,-44,-0.003663,26,0,No fault,False,0x01,right,36.074878,185,-0.003663,26,0,No fault,True,36.57
2026-08-11T16:52:14.646,1786459934.646862,9.264354,3,45.000000,2.800000,171,45.000000,0x02,left,72.641536,132,-0.003663,26,0,No fault,False,0x01,right,36.074878,-44,-0.003663,26,0,No fault,True,36.57
2026-08-11T16:52:14.658,1786459934.658147,9.275622,3,45.000000,2.800000,172,45.000000,0x02,left,72.619679,-79,-0.003663,26,0,No fault,False,0x01,right,36.074878,238,-0.003663,26,0,No fault,True,36.54
