wall_time_iso,wall_time_epoch_s,elapsed_s,phase_index,phase_command_erpm,phase_duration_s,sample_index,command_erpm,left_motor_id,left_motor_label,left_feedback_position_deg,left_feedback_speed_erpm,left_feedback_current_amps,left_feedback_temperature_c,left_feedback_error_code,left_feedback_error_description,right_motor_id,right_motor_label,right_feedback_position_deg,right_feedback_speed_erpm,right_feedback_current_amps,right_feedback_temperature_c,right_feedback_error_code,right_feedback_error_description,sync_error_erpm
2026-08-12T16:22:10.078,1786544530.078079,0.019346,1,6000,5.000000,1,6000,0x03,left,399.200000,0,-0.030000,32,0,No fault,0x04,right,-44.900000,-20,0.120000,33,0,No fault,20.00
2026-08-12T16:22:10.083,1786544530.083575,0.024817,1,6000,5.000000,2,6000,0x03,left,399.200000,0,-0.020000,32,0,No fault,0x04,right,-44.400000,590,1.290000,34,0,No fault,-590.00
2026-08-12T16:22:10.088,1786544530.088837,0.030055,1,6000,5.000000,3,6000,0x03,left,399.200000,0,-0.020000,32,0,No fault,0x04,right,-43.300000,1330,1.140000,34,0,No fault,-1330.00
2026-08-12T16:22:10.099,1786544530.099181,0.040439,1,6000,5.000000,4,6000,0x03,left,399.200000,0,-0.020000,32,0,No fault,0x04,right,-41.700000,2140,0.850000,34,0,No fault,-2140.00
2026-08-12T16:22:10.109,1786544530.109734,0.050989,1,6000,5.000000,5,6000,0x03,left,400.100000,970,1.170000,32,0,No fault,0x04,right,-39.300000,3040,0.770000,34,0,No fault,-2070.00
2026-08-12T16:22:10.120,1786544530.120279,0.061511,1,6000,5.000000,6,6000,0x03,left,403.500000,2680,0.720000,32,0,No fault,0x04,right,-36.700000,3570,0.630000,34,0,No fault,-890.00
2026-08-12T16:22:10.130,1786544530.130700,0.071945,1,6000,5.000000,7,6000,0x03,left,409.000000,3960,0.580000,32,0,No fault,0x04,right,-33.800000,3990,0.530000,33,0,No fault,-30.00
2026-08-12T16:22:10.151,1786544530.151416,0.092657,1,6000,5.000000,8,6000,0x03,left,419.000000,4800,0.340000,32,0,No fault,0x04,right,-27.400000,4530,0.520000,33,0,No fault,270.00
2026-08-12T16:22:10.166,1786544530.166996,0.108233,1,6000,5.000000,9,6000,0x03,left,426.100000,5050,0.290000,32,0,No fault,0x04,right,-20.700000,4700,0.360000,33,0,No fault,350.00
2026-08-12T16:22:10.177,1786544530.177433,0.118697,1,6000,5.000000,10,6000,0x03,left,429.800000,5110,0.350000,32,0,No fault,0x04,right,-17.200000,4820,0.360000,34,0,No fault,290.00
2026-08-12T16:22:10.187,1786544530.187898,0.129133,1,6000,5.000000,11,6000,0x03,left,433.500000,5130,0.370000,32,0,No fault,0x04,right,-13.600000,4950,0.460000,34,0,No fault,180.00
2026-08-12T16:22:10.198,1786544530.198340,0.139577,1,6000,5.000000,12,6000,0x03,left,437.200000,5180,0.330000,32,0,No fault,0x04,right,-10.000000,5020,0.430000,34,0,No fault,160.00
2026-08-12T16:22:10.219,1786544530.219122,0.160363,1,6000,5.000000,13,6000,0x03,left,444.600000,5170,0.250000,32,0,No fault,0x04,right,-2.800000,5020,0.450000,34,0,No fault,150.00
2026-08-12T16:22:10.229,1786544530.229607,0.170836,1,6000,5.000000,14,6000,0x03,left,448.300000,5130,0.340000,32,0,No fault,0x04,right,0.700000,4990,0.280000,34,0,No fault,140.00
2026-08-12T16:22:10.347,1786544530.347522,0.288790,1,6000,5.000000,15,6000,0x03,left,489.400000,5310,0.310000,32,0,No fault,0x04,right,44.600000,5160,0.410000,33,0,No fault,150.00
2026-08-12T16:22:10.358,1786544530.358158,0.299418,1,6000,5.000000,16,6000,0x03,left,497.000000,5290,0.360000,32,0,No fault,0x04,right,48.300000,5170,0.310000,33,0,No fault,120.00
2026-08-12T16:22:10.368,1786544530.368709,0.309943,1,6000,5.000000,17,6000,0x03,left,500.800000,5280,0.260000,32,0,No fault,0x04,right,52.000000,5170,0.310000,33,0,No fault,110.00
2026-08-12T16:22:10.379,1786544530.379210,0.320459,1,6000,5.000000,18,6000,0x03,left,504.500000,5260,0.220000,32,0,No fault,0x04,right,55.700000,5150,0.290000,33,0,No fault,110.00
2026-08-12T16:22:10.389,1786544530.389733,0.330972,1,6000,5.000000,19,6000,0x03,left,508.200000,5200,0.290000,32,0,No fault,0x04,right,59.400000,5140,0.390000,34,0,No fault,60.00
2026-08-12T16:22:10.400,1786544530.400296,0.341537,1,6000,5.000000,20,6000,0x03,left,511.900000,5170,0.330000,32,0,No fault,0x04,right,63.000000,5120,0.510000,34,0,No fault,50.00
2026-08-12T16:22:10.457,1786544530.457386,0.398768,1,6000,5.000000,21,6000,0x03,left,534.300000,5310,0.300000,32,0,No fault,0x04,right,85.100000,5210,0.300000,33,0,No fault,100.00
2026-08-12T16:22:10.468,1786544530.468438,0.409736,1,6000,5.000000,22,6000,0x03,left,538.100000,5320,0.160000,32,0,No fault,0x04,right,88.800000,5220,0.380000,33,0,No fault,100.00
2026-08-12T16:22:10.479,1786544530.479644,0.420890,1,6000,5.000000,23,6000,0x03,left,541.900000,5360,0.310000,32,0,No fault,0x04,right,92.500000,5210,0.410000,33,0,No fault,150.00
2026-08-12T16:22:10.490,1786544530.490104,0.431349,1,6000,5.000000,24,6000,0x03,left,545.700000,5370,0.260000,32,0,No fault,0x04,right,96.200000,5190,0.350000,33,0,No fault,180.00
2026-08-12T16:22:10.618,1786544530.618324,0.559602,1,6000,5.000000,25,6000,0x03,left,595.000000,5320,0.230000,32,0,No fault,0x04,right,144.200000,5180,0.350000,34,0,No fault,140.00
2026-08-12T16:22:10.628,1786544530.628882,0.570130,1,6000,5.000000,26,6000,0x03,left,598.800000,5290,0.200000,32,0,No fault,0x04,right,147.900000,5170,0.330000,34,0,No fault,120.00
2026-08-12T16:22:10.639,1786544530.639324,0.580559,1,6000,5.000000,27,6000,0x03,left,602.600000,5280,0.310000,32,0,No fault,0x04,right,151.600000,5130,0.390000,34,0,No fault,150.00
2026-08-12T16:22:10.649,1786544530.649872,0.591113,1,6000,5.000000,28,6000,0x03,left,606.400000,5300,0.180000,32,0,No fault,0x04,right,155.300000,5110,0.290000,34,0,No fault,190.00
2026-08-12T16:22:10.660,1786544530.660313,0.601551,1,6000,5.000000,29,6000,0x03,left,610.200000,5310,0.300000,32,0,No fault,0x04,right,158.900000,5080,0.380000,34,0,No fault,230.00
2026-08-12T16:22:10.670,1786544530.670709,0.611939,1,6000,5.000000,30,6000,0x03,left,614.000000,5290,0.250000,32,0,No fault,0x04,right,162.600000,5090,0.290000,34,0,No fault,200.00
2026-08-12T16:22:10.681,1786544530.681114,0.622364,1,6000,5.000000,31,6000,0x03,left,617.800000,5310,0.340000,32,0,No fault,0x04,right,166.300000,5170,0.350000,33,0,No fault,140.00
2026-08-12T16:22:10.742,1786544530.742694,0.683967,1,6000,5.000000,32,6000,0x03,left,640.300000,5140,0.360000,32,0,No fault,0x04,right,188.300000,5070,0.300000,34,0,No fault,70.00
2026-08-12T16:22:10.748,1786544530.748144,0.689393,1,6000,5.000000,33,6000,0x03,left,643.900000,5160,0.300000,32,0,No fault,0x04,right,192.000000,5080,0.410000,34,0,No fault,80.00
2026-08-12T16:22:10.758,1786544530.758614,0.699860,1,6000,5.000000,34,6000,0x03,left,647.700000,5230,0.330000,32,0,No fault,0x04,right,195.600000,5170,0.320000,34,0,No fault,60.00
2026-08-12T16:22:10.769,1786544530.769031,0.710273,1,6000,5.000000,35,6000,0x03,left,651.500000,5260,0.250000,32,0,No fault,0x04,right,199.400000,5210,0.270000,34,0,No fault,50.00
2026-08-12T16:22:10.779,1786544530.779462,0.720712,1,6000,5.000000,36,6000,0x03,left,655.300000,5310,0.230000,32,0,No fault,0x04,right,203.100000,5210,0.240000,34,0,No fault,100.00
2026-08-12T16:22:10.789,1786544530.789956,0.731212,1,6000,5.000000,37,6000,0x03,left,659.100000,5320,0.260000,32,0,No fault,0x04,right,206.800000,5190,0.170000,33,0,No fault,130.00
2026-08-12T16:22:10.800,1786544530.800518,0.741784,1,6000,5.000000,38,6000,0x03,left,662.900000,5320,0.250000,32,0,No fault,0x04,right,210.500000,5170,0.170000,33,0,No fault,150.00
2026-08-12T16:22:10.811,1786544530.811131,0.752404,1,6000,5.000000,39,6000,0x03,left,666.700000,5330,0.280000,32,0,No fault,0x04,right,214.200000,5150,0.220000,33,0,No fault,180.00
2026-08-12T16:22:10.821,1786544530.821784,0.763055,1,6000,5.000000,40,6000,0x03,left,670.500000,5330,0.310000,32,0,No fault,0x04,right,217.900000,5140,0.250000,33,0,No fault,190.00
2026-08-12T16:22:10.868,1786544530.868352,0.809640,1,6000,5.000000,41,6000,0x03,left,689.100000,5080,0.270000,32,0,No fault,0x04,right,236.400000,5170,0.300000,34,0,No fault,-90.00
2026-08-12T16:22:10.878,1786544530.878956,0.820221,1,6000,5.000000,42,6000,0x03,left,692.700000,5080,0.370000,32,0,No fault,0x04,right,240.100000,5150,0.260000,34,0,No fault,-70.00
2026-08-12T16:22:10.889,1786544530.889513,0.830769,1,6000,5.000000,43,6000,0x03,left,696.400000,5100,0.430000,32,0,No fault,0x04,right,243.700000,5160,0.310000,34,0,No fault,-60.00
2026-08-12T16:22:10.900,1786544530.900067,0.841308,1,6000,5.000000,44,6000,0x03,left,700.000000,5140,0.380000,32,0,No fault,0x04,right,247.400000,5170,0.430000,34,0,No fault,-30.00
2026-08-12T16:22:10.910,1786544530.910517,0.851764,1,6000,5.000000,45,6000,0x03,left,703.700000,5170,0.310000,32,0,No fault,0x04,right,251.100000,5180,0.400000,34,0,No fault,-10.00
2026-08-12T16:22:10.921,1786544530.921604,0.862864,1,6000,5.000000,46,6000,0x03,left,707.500000,5240,0.350000,32,0,No fault,0x04,right,254.800000,5200,0.280000,34,0,No fault,40.00
2026-08-12T16:22:10.932,1786544530.932149,0.873394,1,6000,5.000000,47,6000,0x03,left,711.300000,5260,0.350000,32,0,No fault,0x04,right,258.600000,5220,0.090000,34,0,No fault,40.00
2026-08-12T16:22:10.942,1786544530.942627,0.883869,1,6000,5.000000,48,6000,0x03,left,715.100000,5300,0.240000,32,0,No fault,0x04,right,262.300000,5220,0.080000,34,0,No fault,80.00
2026-08-12T16:22:10.958,1786544530.958195,0.899461,1,6000,5.000000,49,6000,0x03,left,722.800000,5370,0.220000,32,0,No fault,0x04,right,269.700000,5190,0.220000,33,0,No fault,180.00
2026-08-12T16:22:10.968,1786544530.968755,0.910024,1,6000,5.000000,50,6000,0x03,left,726.600000,5370,0.260000,32,0,No fault,0x04,right,273.500000,5200,0.120000,33,0,No fault,170.00
2026-08-12T16:22:10.979,1786544530.979259,0.920510,1,6000,5.000000,51,6000,0x03,left,730.400000,5370,0.340000,32,0,No fault,0x04,right,277.200000,5200,0.190000,34,0,No fault,170.00
2026-08-12T16:22:10.989,1786544530.989713,0.930952,1,6000,5.000000,52,6000,0x03,left,734.300000,5350,0.400000,32,0,No fault,0x04,right,281.000000,5180,0.240000,33,0,No fault,170.00
2026-08-12T16:22:11.000,1786544531.000169,0.941409,1,6000,5.000000,53,6000,0x03,left,738.100000,5330,0.290000,32,0,No fault,0x04,right,284.800000,5190,0.380000,34,0,No fault,140.00
2026-08-12T16:22:11.010,1786544531.010615,0.951851,1,6000,5.000000,54,6000,0x03,left,741.800000,5250,0.250000,32,0,No fault,0x04,right,288.600000,5190,0.510000,34,0,No fault,60.00
2026-08-12T16:22:11.021,1786544531.021060,0.962328,1,6000,5.000000,55,6000,0x03,left,745.600000,5180,0.200000,32,0,No fault,0x04,right,292.300000,5160,0.330000,34,0,No fault,20.00
2026-08-12T16:22:11.031,1786544531.031703,0.973056,1,6000,5.000000,56,6000,0x03,left,749.200000,5130,0.310000,32,0,No fault,0x04,right,296.000000,5150,0.320000,34,0,No fault,-20.00
2026-08-12T16:22:11.088,1786544531.088948,1.030231,1,6000,5.000000,57,6000,0x03,left,771.300000,5250,0.260000,32,0,No fault,0x04,right,318.000000,5150,0.180000,34,0,No fault,100.00
2026-08-12T16:22:11.099,1786544531.099600,1.040892,1,6000,5.000000,58,6000,0x03,left,775.100000,5310,0.230000,32,0,No fault,0x04,right,321.700000,5190,0.210000,34,0,No fault,120.00
2026-08-12T16:22:11.110,1786544531.110453,1.051750,1,6000,5.000000,59,6000,0x03,left,778.900000,5330,0.220000,32,0,No fault,0x04,right,325.500000,5220,0.190000,34,0,No fault,110.00
2026-08-12T16:22:11.121,1786544531.121516,1.062804,1,6000,5.000000,60,6000,0x03,left,782.700000,5330,0.230000,32,0,No fault,0x04,right,329.200000,5230,0.270000,33,0,No fault,100.00
2026-08-12T16:22:11.132,1786544531.132166,1.073399,1,6000,5.000000,61,6000,0x03,left,786.500000,5330,0.220000,32,0,No fault,0x04,right,332.900000,5210,0.340000,33,0,No fault,120.00
2026-08-12T16:22:11.152,1786544531.152913,1.094242,1,6000,5.000000,62,6000,0x03,left,794.100000,5330,0.380000,32,0,No fault,0x04,right,340.300000,5150,0.380000,34,0,No fault,180.00
2026-08-12T16:22:11.200,1786544531.200499,1.141864,1,6000,5.000000,63,6000,0x03,left,812.700000,5130,0.320000,32,0,No fault,0x04,right,358.800000,5170,0.370000,34,0,No fault,-40.00
2026-08-12T16:22:11.211,1786544531.211689,1.153002,1,6000,5.000000,64,6000,0x03,left,816.400000,5120,0.340000,32,0,No fault,0x04,right,362.500000,5120,0.410000,34,0,No fault,0.00
2026-08-12T16:22:11.228,1786544531.228696,1.169938,1,6000,5.000000,65,6000,0x03,left,823.700000,5150,0.330000,32,0,No fault,0x04,right,366.100000,5070,0.410000,34,0,No fault,80.00
2026-08-12T16:22:11.239,1786544531.239743,1.181025,1,6000,5.000000,66,6000,0x03,left,827.500000,5220,0.280000,32,0,No fault,0x04,right,373.400000,5070,0.470000,34,0,No fault,150.00
2026-08-12T16:22:11.250,1786544531.250522,1.191815,1,6000,5.000000,67,6000,0x03,left,831.200000,5250,0.330000,32,0,No fault,0x04,right,377.200000,5150,0.280000,34,0,No fault,100.00
2026-08-12T16:22:11.261,1786544531.261129,1.202366,1,6000,5.000000,68,6000,0x03,left,835.000000,5270,0.230000,32,0,No fault,0x04,right,381.000000,5210,0.170000,34,0,No fault,60.00
2026-08-12T16:22:11.271,1786544531.271598,1.212841,1,6000,5.000000,69,6000,0x03,left,838.800000,5270,0.210000,32,0,No fault,0x04,right,384.800000,5240,0.100000,34,0,No fault,30.00
2026-08-12T16:22:11.282,1786544531.282099,1.223352,1,6000,5.000000,70,6000,0x03,left,842.600000,5280,0.230000,32,0,No fault,0x04,right,388.500000,5230,0.350000,34,0,No fault,50.00
2026-08-12T16:22:11.410,1786544531.410794,1.352077,1,6000,5.000000,71,6000,0x03,left,891.400000,5290,0.340000,32,0,No fault,0x04,right,436.400000,5180,0.210000,34,0,No fault,110.00
2026-08-12T16:22:11.431,1786544531.431649,1.373148,1,6000,5.000000,72,6000,0x03,left,899.000000,5320,0.210000,32,0,No fault,0x04,right,443.900000,5240,0.350000,34,0,No fault,80.00
2026-08-12T16:22:11.442,1786544531.442459,1.383727,1,6000,5.000000,73,6000,0x03,left,902.800000,5330,0.300000,32,0,No fault,0x04,right,447.700000,5250,0.260000,34,0,No fault,80.00
2026-08-12T16:22:11.459,1786544531.459796,1.401074,1,6000,5.000000,74,6000,0x03,left,910.500000,5340,0.290000,32,0,No fault,0x04,right,455.100000,5200,0.350000,34,0,No fault,140.00
2026-08-12T16:22:11.470,1786544531.470561,1.412002,1,6000,5.000000,75,6000,0x03,left,914.200000,5320,0.180000,32,0,No fault,0x04,right,458.800000,5170,0.310000,33,0,No fault,150.00
2026-08-12T16:22:11.482,1786544531.482839,1.424322,1,6000,5.000000,76,6000,0x03,left,918.100000,5330,0.250000,32,0,No fault,0x04,right,462.500000,5170,0.260000,33,0,No fault,160.00
2026-08-12T16:22:11.551,1786544531.551462,1.492733,1,6000,5.000000,77,6000,0x03,left,944.400000,5260,0.360000,32,0,No fault,0x04,right,488.500000,5110,0.250000,34,0,No fault,150.00
2026-08-12T16:22:11.562,1786544531.562125,1.503423,1,6000,5.000000,78,6000,0x03,left,948.200000,5320,0.260000,32,0,No fault,0x04,right,492.100000,5140,0.290000,34,0,No fault,180.00
2026-08-12T16:22:11.572,1786544531.572876,1.514167,1,6000,5.000000,79,6000,0x03,left,952.000000,5340,0.320000,32,0,No fault,0x04,right,495.800000,5200,0.330000,34,0,No fault,140.00
2026-08-12T16:22:11.583,1786544531.583607,1.524888,1,6000,5.000000,80,6000,0x03,left,955.900000,5340,0.230000,32,0,No fault,0x04,right,499.600000,5230,0.310000,34,0,No fault,110.00
2026-08-12T16:22:11.630,1786544531.630380,1.571675,1,6000,5.000000,81,6000,0x03,left,974.900000,5310,0.210000,32,0,No fault,0x04,right,518.200000,5200,0.310000,34,0,No fault,110.00
2026-08-12T16:22:11.641,1786544531.641121,1.582397,1,6000,5.000000,82,6000,0x03,left,978.700000,5310,0.230000,32,0,No fault,0x04,right,521.900000,5230,0.340000,34,0,No fault,80.00
2026-08-12T16:22:11.651,1786544531.651743,1.593012,1,6000,5.000000,83,6000,0x03,left,982.500000,5250,0.240000,32,0,No fault,0x04,right,525.700000,5290,0.340000,33,0,No fault,-40.00
2026-08-12T16:22:11.662,1786544531.662286,1.603536,1,6000,5.000000,84,6000,0x03,left,986.300000,5160,0.420000,32,0,No fault,0x04,right,529.500000,5290,0.290000,34,0,No fault,-130.00
2026-08-12T16:22:11.672,1786544531.672752,1.613985,1,6000,5.000000,85,6000,0x03,left,989.900000,5100,0.430000,32,0,No fault,0x04,right,533.200000,5260,0.370000,34,0,No fault,-160.00
2026-08-12T16:22:11.683,1786544531.683228,1.624489,1,6000,5.000000,86,6000,0x03,left,993.700000,5070,0.490000,32,0,No fault,0x04,right,537.000000,5220,0.430000,34,0,No fault,-150.00
2026-08-12T16:22:11.693,1786544531.693776,1.635020,1,6000,5.000000,87,6000,0x03,left,997.400000,5120,0.270000,32,0,No fault,0x04,right,540.700000,5180,0.230000,34,0,No fault,-60.00
2026-08-12T16:22:11.704,1786544531.704330,1.645565,1,6000,5.000000,88,6000,0x03,left,1001.200000,5170,0.220000,32,0,No fault,0x04,right,544.400000,5180,0.260000,34,0,No fault,-10.00
2026-08-12T16:22:11.735,1786544531.735580,1.676849,1,6000,5.000000,89,6000,0x03,left,1012.700000,5330,0.350000,32,0,No fault,0x04,right,555.500000,5220,0.320000,34,0,No fault,110.00
2026-08-12T16:22:11.741,1786544531.741067,1.682314,1,6000,5.000000,90,6000,0x03,left,1016.400000,5320,0.330000,32,0,No fault,0x04,right,559.200000,5250,0.250000,34,0,No fault,70.00
2026-08-12T16:22:11.761,1786544531.761728,1.703006,1,6000,5.000000,91,6000,0x03,left,1024.000000,5300,0.360000,32,0,No fault,0x04,right,566.700000,5210,0.150000,34,0,No fault,90.00
2026-08-12T16:22:11.772,1786544531.772354,1.713621,1,6000,5.000000,92,6000,0x03,left,1027.800000,5290,0.280000,32,0,No fault,0x04,right,570.500000,5190,0.220000,34,0,No fault,100.00
2026-08-12T16:22:11.782,1786544531.782893,1.724140,1,6000,5.000000,93,6000,0x03,left,1031.600000,5250,0.260000,32,0,No fault,0x04,right,574.200000,5180,0.230000,34,0,No fault,70.00
2026-08-12T16:22:11.793,1786544531.793354,1.734587,1,6000,5.000000,94,6000,0x03,left,1035.400000,5270,0.340000,32,0,No fault,0x04,right,577.900000,5190,0.180000,34,0,No fault,80.00
2026-08-12T16:22:11.803,1786544531.803957,1.745196,1,6000,5.000000,95,6000,0x03,left,1039.100000,5250,0.430000,32,0,No fault,0x04,right,581.600000,5190,0.090000,34,0,No fault,60.00
2026-08-12T16:22:11.814,1786544531.814572,1.755821,1,6000,5.000000,96,6000,0x03,left,1042.800000,5210,0.330000,32,0,No fault,0x04,right,585.400000,5220,0.220000,34,0,No fault,-10.00
2026-08-12T16:22:11.830,1786544531.830437,1.771687,1,6000,5.000000,97,6000,0x03,left,1050.100000,5080,0.360000,32,0,No fault,0x04,right,592.900000,5190,0.400000,34,0,No fault,-110.00
2026-08-12T16:22:11.840,1786544531.840943,1.782183,1,6000,5.000000,98,6000,0x03,left,1053.700000,5060,0.370000,32,0,No fault,0x04,right,596.600000,5140,0.310000,34,0,No fault,-80.00
2026-08-12T16:22:11.851,1786544531.851389,1.792623,1,6000,5.000000,99,6000,0x03,left,1057.400000,5090,0.280000,32,0,No fault,0x04,right,600.200000,5100,0.330000,34,0,No fault,-10.00
2026-08-12T16:22:11.861,1786544531.861813,1.803046,1,6000,5.000000,100,6000,0x03,left,1061.200000,5130,0.190000,32,0,No fault,0x04,right,603.900000,5090,0.340000,34,0,No fault,40.00
2026-08-12T16:22:11.872,1786544531.872271,1.813499,1,6000,5.000000,101,6000,0x03,left,1065.000000,5230,0.120000,32,0,No fault,0x04,right,607.500000,5100,0.350000,34,0,No fault,130.00
2026-08-12T16:22:11.882,1786544531.882669,1.823898,1,6000,5.000000,102,6000,0x03,left,1068.900000,5310,0.180000,32,0,No fault,0x04,right,611.100000,5100,0.430000,34,0,No fault,210.00
2026-08-12T16:22:11.893,1786544531.893075,1.834299,1,6000,5.000000,103,6000,0x03,left,1072.800000,5360,0.200000,32,0,No fault,0x04,right,614.800000,5140,0.350000,34,0,No fault,220.00
2026-08-12T16:22:11.903,1786544531.903505,1.844727,1,6000,5.000000,104,6000,0x03,left,1076.700000,5350,0.250000,32,0,No fault,0x04,right,618.500000,5170,0.150000,34,0,No fault,180.00
2026-08-12T16:22:11.913,1786544531.913905,1.855127,1,6000,5.000000,105,6000,0x03,left,1080.500000,5320,0.360000,32,0,No fault,0x04,right,622.200000,5180,0.160000,34,0,No fault,140.00
2026-08-12T16:22:11.924,1786544531.924289,1.865511,1,6000,5.000000,106,6000,0x03,left,1084.400000,5280,0.320000,32,0,No fault,0x04,right,626.000000,5180,0.200000,34,0,No fault,100.00
2026-08-12T16:22:11.934,1786544531.934762,1.876001,1,6000,5.000000,107,6000,0x03,left,1088.300000,5290,0.420000,32,0,No fault,0x04,right,629.700000,5190,0.310000,34,0,No fault,100.00
2026-08-12T16:22:12.027,1786544532.027005,1.968275,1,6000,5.000000,108,6000,0x03,left,1121.400000,5080,0.350000,32,0,No fault,0x04,right,663.300000,5150,0.380000,34,0,No fault,-70.00
2026-08-12T16:22:12.032,1786544532.032514,1.973762,1,6000,5.000000,109,6000,0x03,left,1125.100000,5170,0.300000,32,0,No fault,0x04,right,666.900000,5130,0.450000,34,0,No fault,40.00
2026-08-12T16:22:12.042,1786544532.042989,1.984231,1,6000,5.000000,110,6000,0x03,left,1128.900000,5270,0.390000,32,0,No fault,0x04,right,670.500000,5110,0.330000,34,0,No fault,160.00
2026-08-12T16:22:12.053,1786544532.053502,1.994744,1,6000,5.000000,111,6000,0x03,left,1132.700000,5340,0.310000,32,0,No fault,0x04,right,674.200000,5150,0.240000,34,0,No fault,190.00
2026-08-12T16:22:12.063,1786544532.063980,2.005237,1,6000,5.000000,112,6000,0x03,left,1136.500000,5370,0.260000,32,0,No fault,0x04,right,678.000000,5170,0.320000,34,0,No fault,200.00
2026-08-12T16:22:12.074,1786544532.074513,2.015756,1,6000,5.000000,113,6000,0x03,left,1140.400000,5380,0.160000,32,0,No fault,0x04,right,681.700000,5210,0.270000,34,0,No fault,170.00
2026-08-12T16:22:12.085,1786544532.085150,2.026391,1,6000,5.000000,114,6000,0x03,left,1144.200000,5360,0.340000,32,0,No fault,0x04,right,685.500000,5240,0.250000,34,0,No fault,120.00
2026-08-12T16:22:12.095,1786544532.095624,2.036868,1,6000,5.000000,115,6000,0x03,left,1148.100000,5360,0.230000,32,0,No fault,0x04,right,689.200000,5250,0.310000,34,0,No fault,110.00
2026-08-12T16:22:12.192,1786544532.192946,2.134227,1,6000,5.000000,116,6000,0x03,left,1185.400000,5130,0.300000,32,0,No fault,0x04,right,726.400000,5160,0.320000,34,0,No fault,-30.00
2026-08-12T16:22:12.203,1786544532.203552,2.144788,1,6000,5.000000,117,6000,0x03,left,1189.100000,5200,0.330000,32,0,No fault,0x04,right,730.100000,5140,0.520000,34,0,No fault,60.00
2026-08-12T16:22:12.213,1786544532.213966,2.155194,1,6000,5.000000,118,6000,0x03,left,1192.800000,5240,0.370000,32,0,No fault,0x04,right,733.800000,5170,0.520000,34,0,No fault,70.00
2026-08-12T16:22:12.234,1786544532.234939,2.176209,1,6000,5.000000,119,6000,0x03,left,1200.400000,5260,0.270000,32,0,No fault,0x04,right,741.300000,5270,0.230000,34,0,No fault,-10.00
2026-08-12T16:22:12.245,1786544532.245597,2.186860,1,6000,5.000000,120,6000,0x03,left,1204.100000,5270,0.260000,32,0,No fault,0x04,right,745.100000,5290,0.240000,34,0,No fault,-20.00
2026-08-12T16:22:12.256,1786544532.256139,2.197387,1,6000,5.000000,121,6000,0x03,left,1207.900000,5290,0.220000,32,0,No fault,0x04,right,748.900000,5280,0.330000,33,0,No fault,10.00
2026-08-12T16:22:12.266,1786544532.266720,2.207957,1,6000,5.000000,122,6000,0x03,left,1211.700000,5270,0.200000,32,0,No fault,0x04,right,752.600000,5260,0.410000,34,0,No fault,10.00
2026-08-12T16:22:12.394,1786544532.394267,2.335549,1,6000,5.000000,123,6000,0x03,left,1260.800000,5280,0.330000,32,0,No fault,0x04,right,800.500000,5180,0.160000,34,0,No fault,100.00
2026-08-12T16:22:12.404,1786544532.404915,2.346186,1,6000,5.000000,124,6000,0x03,left,1264.500000,5280,0.220000,32,0,No fault,0x04,right,804.300000,5210,0.150000,34,0,No fault,70.00
2026-08-12T16:22:12.415,1786544532.415447,2.356705,1,6000,5.000000,125,6000,0x03,left,1268.400000,5310,0.260000,32,0,No fault,0x04,right,808.200000,5220,0.210000,34,0,No fault,90.00
2026-08-12T16:22:12.436,1786544532.436130,2.377409,1,6000,5.000000,126,6000,0x03,left,1276.000000,5330,0.230000,32,0,No fault,0x04,right,815.500000,5120,0.290000,34,0,No fault,210.00
2026-08-12T16:22:12.446,1786544532.446785,2.388036,1,6000,5.000000,127,6000,0x03,left,1279.800000,5330,0.310000,32,0,No fault,0x04,right,819.200000,5090,0.290000,34,0,No fault,240.00
2026-08-12T16:22:12.457,1786544532.457358,2.398593,1,6000,5.000000,128,6000,0x03,left,1283.600000,5310,0.420000,32,0,No fault,0x04,right,822.800000,5110,0.240000,34,0,No fault,200.00
2026-08-12T16:22:12.467,1786544532.467846,2.409073,1,6000,5.000000,129,6000,0x03,left,1287.300000,5240,0.210000,32,0,No fault,0x04,right,826.500000,5190,0.250000,34,0,No fault,50.00
2026-08-12T16:22:12.478,1786544532.478253,2.419478,1,6000,5.000000,130,6000,0x03,left,1291.000000,5220,0.310000,32,0,No fault,0x04,right,830.300000,5210,0.330000,34,0,No fault,10.00
2026-08-12T16:22:12.493,1786544532.493994,2.435242,1,6000,5.000000,131,6000,0x03,left,1298.400000,5160,0.450000,32,0,No fault,0x04,right,837.600000,5150,0.350000,34,0,No fault,10.00
2026-08-12T16:22:12.504,1786544532.504520,2.445767,1,6000,5.000000,132,6000,0x03,left,1302.200000,5160,0.350000,32,0,No fault,0x04,right,841.300000,5090,0.280000,34,0,No fault,70.00
2026-08-12T16:22:12.515,1786544532.515044,2.456290,1,6000,5.000000,133,6000,0x03,left,1306.000000,5240,0.190000,32,0,No fault,0x04,right,844.900000,5060,0.360000,34,0,No fault,180.00
2026-08-12T16:22:12.525,1786544532.525589,2.466842,1,6000,5.000000,134,6000,0x03,left,1309.900000,5280,0.210000,32,0,No fault,0x04,right,848.500000,5060,0.320000,34,0,No fault,220.00
2026-08-12T16:22:12.536,1786544532.536112,2.477359,1,6000,5.000000,135,6000,0x03,left,1313.700000,5310,0.160000,32,0,No fault,0x04,right,852.200000,5100,0.370000,34,0,No fault,210.00
2026-08-12T16:22:12.546,1786544532.546596,2.487820,1,6000,5.000000,136,6000,0x03,left,1317.600000,5300,0.170000,32,0,No fault,0x04,right,855.900000,5180,0.430000,34,0,No fault,120.00
2026-08-12T16:22:12.628,1786544532.628456,2.569732,1,6000,5.000000,137,6000,0x03,left,1347.700000,5210,0.310000,32,0,No fault,0x04,right,885.700000,5260,0.360000,34,0,No fault,-50.00
2026-08-12T16:22:12.684,1786544532.684936,2.626224,1,6000,5.000000,138,6000,0x03,left,1370.100000,5330,0.180000,32,0,No fault,0x04,right,908.000000,5140,0.280000,34,0,No fault,190.00
2026-08-12T16:22:12.695,1786544532.695585,2.636867,1,6000,5.000000,139,6000,0x03,left,1373.900000,5340,0.090000,32,0,No fault,0x04,right,911.600000,5140,0.270000,34,0,No fault,200.00
2026-08-12T16:22:12.706,1786544532.706359,2.647629,1,6000,5.000000,140,6000,0x03,left,1377.800000,5320,0.170000,32,0,No fault,0x04,right,915.300000,5180,0.360000,34,0,No fault,140.00
2026-08-12T16:22:12.716,1786544532.716922,2.658189,1,6000,5.000000,141,6000,0x03,left,1381.600000,5310,0.160000,32,0,No fault,0x04,right,919.000000,5190,0.320000,34,0,No fault,120.00
2026-08-12T16:22:12.727,1786544532.727443,2.668700,1,6000,5.000000,142,6000,0x03,left,1385.500000,5300,0.250000,32,0,No fault,0x04,right,922.700000,5170,0.270000,34,0,No fault,130.00
2026-08-12T16:22:12.774,1786544532.774098,2.715399,1,6000,5.000000,143,6000,0x03,left,1400.700000,5230,0.310000,32,0,No fault,0x04,right,941.000000,5110,0.460000,34,0,No fault,120.00
2026-08-12T16:22:12.790,1786544532.790220,2.731526,1,6000,5.000000,144,6000,0x03,left,1408.000000,5140,0.320000,32,0,No fault,0x04,right,944.700000,5150,0.320000,34,0,No fault,-10.00
2026-08-12T16:22:12.796,1786544532.796368,2.737652,1,6000,5.000000,145,6000,0x03,left,1411.600000,5090,0.300000,32,0,No fault,0x04,right,948.400000,5170,0.490000,34,0,No fault,-80.00
2026-08-12T16:22:12.807,1786544532.807463,2.748740,1,6000,5.000000,146,6000,0x03,left,1415.200000,5060,0.340000,32,0,No fault,0x04,right,952.100000,5180,0.360000,34,0,No fault,-120.00
2026-08-12T16:22:12.818,1786544532.818322,2.759602,1,6000,5.000000,147,6000,0x03,left,1418.900000,5070,0.310000,32,0,No fault,0x04,right,955.900000,5180,0.290000,34,0,No fault,-110.00
2026-08-12T16:22:12.840,1786544532.840042,2.781329,1,6000,5.000000,148,6000,0x03,left,1426.300000,5210,0.240000,32,0,No fault,0x04,right,963.200000,5170,0.370000,34,0,No fault,40.00
2026-08-12T16:22:12.865,1786544532.865991,2.807259,1,6000,5.000000,149,6000,0x03,left,1437.700000,5350,0.320000,32,0,No fault,0x04,right,974.200000,5140,0.290000,34,0,No fault,210.00
2026-08-12T16:22:12.876,1786544532.876554,2.817790,1,6000,5.000000,150,6000,0x03,left,1441.500000,5360,0.350000,32,0,No fault,0x04,right,978.000000,5200,0.270000,34,0,No fault,160.00
2026-08-12T16:22:12.887,1786544532.887009,2.828245,1,6000,5.000000,151,6000,0x03,left,1445.300000,5340,0.290000,32,0,No fault,0x04,right,981.700000,5210,0.320000,34,0,No fault,130.00
2026-08-12T16:22:12.897,1786544532.897430,2.838682,1,6000,5.000000,152,6000,0x03,left,1449.100000,5310,0.360000,32,0,No fault,0x04,right,985.400000,5200,0.260000,34,0,No fault,110.00
2026-08-12T16:22:12.963,1786544532.963864,2.905133,1,6000,5.000000,153,6000,0x03,left,1471.300000,5050,0.380000,32,0,No fault,0x04,right,1011.000000,5110,0.320000,34,0,No fault,-60.00
2026-08-12T16:22:13.025,1786544533.025839,2.967133,1,6000,5.000000,154,6000,0x03,left,1497.100000,5310,0.290000,32,0,No fault,0x04,right,1032.900000,5110,0.270000,34,0,No fault,200.00
2026-08-12T16:22:13.036,1786544533.036530,2.977814,1,6000,5.000000,155,6000,0x03,left,1500.900000,5350,0.280000,32,0,No fault,0x04,right,1036.600000,5180,0.260000,34,0,No fault,170.00
2026-08-12T16:22:13.047,1786544533.047266,2.988530,1,6000,5.000000,156,6000,0x03,left,1504.700000,5350,0.360000,32,0,No fault,0x04,right,1040.300000,5190,0.370000,34,0,No fault,160.00
2026-08-12T16:22:13.164,1786544533.164867,3.106134,1,6000,5.000000,157,6000,0x03,left,1545.900000,5220,0.210000,32,0,No fault,0x04,right,1084.100000,5070,0.250000,34,0,No fault,150.00
2026-08-12T16:22:13.185,1786544533.185688,3.126965,1,6000,5.000000,158,6000,0x03,left,1557.300000,5360,0.360000,32,0,No fault,0x04,right,1091.400000,5070,0.100000,34,0,No fault,290.00
2026-08-12T16:22:13.196,1786544533.196282,3.137554,1,6000,5.000000,159,6000,0x03,left,1561.100000,5350,0.310000,32,0,No fault,0x04,right,1095.100000,5120,0.290000,34,0,No fault,230.00
2026-08-12T16:22:13.206,1786544533.206843,3.148113,1,6000,5.000000,160,6000,0x03,left,1564.900000,5330,0.340000,32,0,No fault,0x04,right,1098.900000,5200,0.460000,34,0,No fault,130.00
2026-08-12T16:22:13.217,1786544533.217486,3.158738,1,6000,5.000000,161,6000,0x03,left,1568.800000,5330,0.170000,32,0,No fault,0x04,right,1102.700000,5230,0.270000,34,0,No fault,100.00
2026-08-12T16:22:13.241,1786544533.241257,3.182520,1,6000,5.000000,162,6000,0x03,left,1576.400000,5360,0.250000,32,0,No fault,0x04,right,1110.100000,5210,0.260000,34,0,No fault,150.00
2026-08-12T16:22:13.246,1786544533.246744,3.187999,1,6000,5.000000,163,6000,0x03,left,1580.200000,5350,0.220000,32,0,No fault,0x04,right,1113.800000,5220,0.290000,34,0,No fault,130.00
2026-08-12T16:22:13.257,1786544533.257241,3.198479,1,6000,5.000000,164,6000,0x03,left,1584.000000,5310,0.280000,32,0,No fault,0x04,right,1117.600000,5240,0.350000,34,0,No fault,70.00
2026-08-12T16:22:13.267,1786544533.267716,3.208970,1,6000,5.000000,165,6000,0x03,left,1587.800000,5250,0.360000,32,0,No fault,0x04,right,1121.300000,5210,0.350000,34,0,No fault,40.00
2026-08-12T16:22:13.278,1786544533.278366,3.219615,1,6000,5.000000,166,6000,0x03,left,1591.500000,5220,0.460000,32,0,No fault,0x04,right,1125.000000,5220,0.310000,34,0,No fault,0.00
2026-08-12T16:22:13.288,1786544533.288883,3.230129,1,6000,5.000000,167,6000,0x03,left,1595.200000,5190,0.300000,32,0,No fault,0x04,right,1128.700000,5230,0.380000,34,0,No fault,-40.00
2026-08-12T16:22:13.299,1786544533.299362,3.240602,1,6000,5.000000,168,6000,0x03,left,1598.900000,5180,0.210000,32,0,No fault,0x04,right,1132.500000,5220,0.280000,34,0,No fault,-40.00
2026-08-12T16:22:13.309,1786544533.309903,3.251146,1,6000,5.000000,169,6000,0x03,left,1602.600000,5190,0.240000,32,0,No fault,0x04,right,1136.200000,5200,0.310000,34,0,No fault,-10.00
2026-08-12T16:22:13.325,1786544533.325712,3.266971,1,6000,5.000000,170,6000,0x03,left,1610.200000,5310,0.220000,32,0,No fault,0x04,right,1143.700000,5190,0.230000,34,0,No fault,120.00
2026-08-12T16:22:13.336,1786544533.336251,3.277500,1,6000,5.000000,171,6000,0x03,left,1614.000000,5340,0.230000,32,0,No fault,0x04,right,1147.400000,5160,0.420000,34,0,No fault,180.00
2026-08-12T16:22:13.347,1786544533.347077,3.288371,1,6000,5.000000,172,6000,0x03,left,1617.800000,5340,0.340000,32,0,No fault,0x04,right,1151.000000,5110,0.310000,34,0,No fault,230.00
2026-08-12T16:22:13.358,1786544533.358028,3.299306,1,6000,5.000000,173,6000,0x03,left,1621.600000,5330,0.350000,32,0,No fault,0x04,right,1154.600000,5100,0.340000,34,0,No fault,230.00
2026-08-12T16:22:13.445,1786544533.445770,3.387054,1,6000,5.000000,174,6000,0x03,left,1655.500000,5220,0.330000,32,0,No fault,0x04,right,1187.900000,5170,0.170000,34,0,No fault,50.00
2026-08-12T16:22:13.456,1786544533.456400,3.397644,1,6000,5.000000,175,6000,0x03,left,1659.300000,5230,0.350000,32,0,No fault,0x04,right,1191.700000,5180,0.280000,34,0,No fault,50.00
2026-08-12T16:22:13.466,1786544533.466877,3.408136,1,6000,5.000000,176,6000,0x03,left,1663.000000,5240,0.230000,32,0,No fault,0x04,right,1195.400000,5170,0.280000,34,0,No fault,70.00
2026-08-12T16:22:13.477,1786544533.477389,3.418670,1,6000,5.000000,177,6000,0x03,left,1666.900000,5320,0.210000,32,0,No fault,0x04,right,1199.000000,5140,0.360000,34,0,No fault,180.00
2026-08-12T16:22:13.488,1786544533.488018,3.429278,1,6000,5.000000,178,6000,0x03,left,1670.700000,5380,0.280000,32,0,No fault,0x04,right,1202.700000,5110,0.420000,34,0,No fault,270.00
2026-08-12T16:22:13.498,1786544533.498602,3.439837,1,6000,5.000000,179,6000,0x03,left,1674.600000,5410,0.220000,32,0,No fault,0x04,right,1206.300000,5080,0.350000,34,0,No fault,330.00
2026-08-12T16:22:13.509,1786544533.509295,3.450536,1,6000,5.000000,180,6000,0x03,left,1678.400000,5410,0.220000,32,0,No fault,0x04,right,1209.900000,5040,0.280000,34,0,No fault,370.00
2026-08-12T16:22:13.565,1786544533.565793,3.507090,1,6000,5.000000,181,6000,0x03,left,1697.800000,5350,0.400000,32,0,No fault,0x04,right,1232.100000,5160,0.340000,34,0,No fault,190.00
2026-08-12T16:22:13.576,1786544533.576665,3.517947,1,6000,5.000000,182,6000,0x03,left,1705.300000,5230,0.270000,32,0,No fault,0x04,right,1235.700000,5120,0.340000,34,0,No fault,110.00
2026-08-12T16:22:13.587,1786544533.587282,3.528549,1,6000,5.000000,183,6000,0x03,left,1709.000000,5190,0.280000,32,0,No fault,0x04,right,1239.400000,5090,0.280000,34,0,No fault,100.00
2026-08-12T16:22:13.597,1786544533.597850,3.539112,1,6000,5.000000,184,6000,0x03,left,1712.800000,5160,0.250000,32,0,No fault,0x04,right,1243.000000,5100,0.370000,34,0,No fault,60.00
2026-08-12T16:22:13.776,1786544533.776951,3.718241,1,6000,5.000000,185,6000,0x03,left,1780.000000,5080,0.340000,32,0,No fault,0x04,right,1309.300000,5180,0.350000,34,0,No fault,-100.00
2026-08-12T16:22:13.787,1786544533.787616,3.728856,1,6000,5.000000,186,6000,0x03,left,1783.600000,5110,0.340000,32,0,No fault,0x04,right,1313.000000,5160,0.420000,34,0,No fault,-50.00
2026-08-12T16:22:13.798,1786544533.798053,3.739283,1,6000,5.000000,187,6000,0x03,left,1787.400000,5170,0.320000,32,0,No fault,0x04,right,1316.700000,5130,0.370000,34,0,No fault,40.00
2026-08-12T16:22:14.033,1786544534.033326,3.974619,1,6000,5.000000,188,6000,0x03,left,1874.300000,5320,0.340000,32,0,No fault,0x04,right,1404.600000,5220,0.170000,34,0,No fault,100.00
2026-08-12T16:22:14.044,1786544534.044082,3.985351,1,6000,5.000000,189,6000,0x03,left,1878.100000,5320,0.280000,32,0,No fault,0x04,right,1408.300000,5230,0.400000,34,0,No fault,90.00
2026-08-12T16:22:14.203,1786544534.203638,4.144928,1,6000,5.000000,190,6000,0x03,left,1939.000000,5390,0.270000,32,0,No fault,0x04,right,1467.800000,5250,0.310000,34,0,No fault,140.00
2026-08-12T16:22:14.214,1786544534.214384,4.155664,1,6000,5.000000,191,6000,0x03,left,1942.800000,5350,0.300000,32,0,No fault,0x04,right,1471.500000,5190,0.270000,34,0,No fault,160.00
2026-08-12T16:22:14.225,1786544534.225003,4.166260,1,6000,5.000000,192,6000,0x03,left,1946.600000,5280,0.340000,32,0,No fault,0x04,right,1475.200000,5160,0.270000,34,0,No fault,120.00
2026-08-12T16:22:14.235,1786544534.235509,4.176758,1,6000,5.000000,193,6000,0x03,left,1950.300000,5230,0.260000,32,0,No fault,0x04,right,1478.900000,5140,0.280000,34,0,No fault,90.00
2026-08-12T16:22:14.455,1786544534.455694,4.396983,1,6000,5.000000,194,6000,0x03,left,2033.800000,5370,0.370000,32,0,No fault,0x04,right,1560.700000,5140,0.280000,34,0,No fault,230.00
2026-08-12T16:22:14.466,1786544534.466320,4.407568,1,6000,5.000000,195,6000,0x03,left,2037.600000,5370,0.350000,32,0,No fault,0x04,right,1564.300000,5160,0.230000,34,0,No fault,210.00
2026-08-12T16:22:14.589,1786544534.589201,4.530498,1,6000,5.000000,196,6000,0x03,left,2083.200000,5220,0.260000,32,0,No fault,0x04,right,1609.100000,5190,0.320000,34,0,No fault,30.00
2026-08-12T16:22:14.656,1786544534.656510,4.597792,1,6000,5.000000,197,6000,0x03,left,2110.000000,5340,0.380000,32,0,No fault,0x04,right,1634.800000,5130,0.320000,34,0,No fault,210.00
2026-08-12T16:22:14.667,1786544534.667192,4.608468,1,6000,5.000000,198,6000,0x03,left,2113.700000,5290,0.260000,32,0,No fault,0x04,right,1638.500000,5140,0.350000,34,0,No fault,150.00
2026-08-12T16:22:14.780,1786544534.780016,4.721301,1,6000,5.000000,199,6000,0x03,left,2154.600000,5270,0.210000,32,0,No fault,0x04,right,1679.800000,5140,0.260000,34,0,No fault,130.00
2026-08-12T16:22:14.918,1786544534.918907,4.860206,1,6000,5.000000,200,6000,0x03,left,2207.300000,5160,0.390000,32,0,No fault,0x04,right,1731.600000,5150,0.360000,34,0,No fault,10.00
2026-08-12T16:22:14.929,1786544534.929688,4.870965,1,6000,5.000000,201,6000,0x03,left,2211.100000,5230,0.370000,32,0,No fault,0x04,right,1735.300000,5170,0.170000,34,0,No fault,60.00
2026-08-12T16:22:14.940,1786544534.940379,4.881634,1,6000,5.000000,202,6000,0x03,left,2215.000000,5290,0.370000,32,0,No fault,0x04,right,1739.100000,5200,0.050000,34,0,No fault,90.00
2026-08-12T16:22:14.950,1786544534.950871,4.892105,1,6000,5.000000,203,6000,0x03,left,2218.900000,5330,0.220000,32,0,No fault,0x04,right,1742.900000,5180,0.180000,34,0,No fault,150.00
2026-08-12T16:22:14.961,1786544534.961275,4.902504,1,6000,5.000000,204,6000,0x03,left,2222.800000,5360,0.190000,32,0,No fault,0x04,right,1746.600000,5150,0.300000,34,0,No fault,210.00
2026-08-12T16:22:14.982,1786544534.982130,4.923398,1,6000,5.000000,205,6000,0x03,left,2230.600000,5380,0.340000,32,0,No fault,0x04,right,1754.100000,5120,0.550000,34,0,No fault,260.00
2026-08-12T16:22:14.992,1786544534.992719,4.933970,1,6000,5.000000,206,6000,0x03,left,2234.400000,5360,0.340000,32,0,No fault,0x04,right,1757.900000,5150,0.430000,34,0,No fault,210.00
2026-08-12T16:22:15.083,1786544535.083181,5.024470,2,0,0.800000,1,0,0x03,left,2267.200000,4580,-8.120000,32,0,No fault,0x04,right,1789.900000,2860,0.840000,34,0,No fault,1720.00
2026-08-12T16:22:15.247,1786544535.247870,5.189161,2,0,0.800000,2,0,0x03,left,2267.500000,0,-0.040000,32,0,No fault,0x04,right,1789.400000,-10,0.010000,34,0,No fault,10.00
2026-08-12T16:22:15.259,1786544535.259302,5.200585,2,0,0.800000,3,0,0x03,left,2267.500000,0,-0.050000,32,0,No fault,0x04,right,1789.400000,-10,0.020000,34,0,No fault,10.00
2026-08-12T16:22:15.418,1786544535.418129,5.359418,2,0,0.800000,4,0,0x03,left,2267.500000,0,-0.030000,32,0,No fault,0x04,right,1789.400000,0,0.040000,34,0,No fault,0.00
2026-08-12T16:22:15.428,1786544535.428785,5.370046,2,0,0.800000,5,0,0x03,left,2267.500000,0,-0.090000,32,0,No fault,0x04,right,1789.400000,0,-0.050000,34,0,No fault,0.00
2026-08-12T16:22:15.439,1786544535.439289,5.380531,2,0,0.800000,6,0,0x03,left,2267.500000,0,-0.040000,32,0,No fault,0x04,right,1789.400000,0,0.000000,34,0,No fault,0.00
2026-08-12T16:22:15.449,1786544535.449774,5.391021,2,0,0.800000,7,0,0x03,left,2267.500000,0,0.000000,32,0,No fault,0x04,right,1789.400000,0,0.030000,34,0,No fault,0.00
2026-08-12T16:22:15.460,1786544535.460455,5.401739,2,0,0.800000,8,0,0x03,left,2267.500000,0,-0.070000,32,0,No fault,0x04,right,1789.400000,0,0.010000,34,0,No fault,0.00
2026-08-12T16:22:15.583,1786544535.583450,5.524736,2,0,0.800000,9,0,0x03,left,2267.500000,0,-0.090000,32,0,No fault,0x04,right,1789.400000,0,0.030000,34,0,No fault,0.00
2026-08-12T16:22:15.594,1786544535.594135,5.535407,2,0,0.800000,10,0,0x03,left,2267.500000,0,-0.050000,32,0,No fault,0x04,right,1789.400000,0,0.050000,34,0,No fault,0.00
2026-08-12T16:22:15.661,1786544535.661009,5.602286,2,0,0.800000,11,0,0x03,left,2267.500000,0,0.010000,32,0,No fault,0x04,right,1789.400000,0,0.020000,34,0,No fault,0.00
2026-08-12T16:22:15.734,1786544535.734445,5.675737,2,0,0.800000,12,0,0x03,left,2267.500000,0,0.040000,32,0,No fault,0x04,right,1789.400000,0,0.050000,34,0,No fault,0.00
2026-08-12T16:22:15.745,1786544535.745751,5.687040,2,0,0.800000,13,0,0x03,left,2267.500000,0,-0.030000,32,0,No fault,0x04,right,1789.400000,0,0.000000,34,0,No fault,0.00
2026-08-12T16:22:15.787,1786544535.787314,5.728603,2,0,0.800000,14,0,0x03,left,2267.500000,0,-0.070000,32,0,No fault,0x04,right,1789.400000,0,-0.110000,34,0,No fault,0.00
2026-08-12T16:22:15.864,1786544535.864122,5.805399,2,0,0.800000,15,0,0x03,left,2267.500000,0,-0.050000,32,0,No fault,0x04,right,1789.400000,0,0.030000,34,0,No fault,0.00
2026-08-12T16:22:15.884,1786544535.884435,5.825683,3,-6000,5.000000,1,-6000,0x03,left,2267.500000,0,1.270000,32,0,No fault,0x04,right,1789.300000,-70,1.460000,34,0,No fault,70.00
2026-08-12T16:22:15.895,1786544535.895273,5.836514,3,-6000,5.000000,2,-6000,0x03,left,2267.000000,-640,1.360000,32,0,No fault,0x04,right,1788.500000,-950,1.340000,34,0,No fault,310.00
2026-08-12T16:22:15.905,1786544535.905891,5.847141,3,-6000,5.000000,3,-6000,0x03,left,2265.900000,-1410,1.110000,32,0,No fault,0x04,right,1787.200000,-1680,1.100000,34,0,No fault,270.00
2026-08-12T16:22:15.916,1786544535.916563,5.857813,3,-6000,5.000000,4,-6000,0x03,left,2264.000000,-2350,0.890000,32,0,No fault,0x04,right,1785.300000,-2510,0.920000,34,0,No fault,160.00
2026-08-12T16:22:15.988,1786544535.988860,5.930138,3,-6000,5.000000,5,-6000,0x03,left,2242.500000,-5000,0.350000,32,0,No fault,0x04,right,1763.300000,-4890,0.390000,34,0,No fault,-110.00
2026-08-12T16:22:16.004,1786544536.004778,5.946064,3,-6000,5.000000,6,-6000,0x03,left,2235.000000,-5230,0.270000,32,0,No fault,0x04,right,1756.100000,-4990,0.350000,34,0,No fault,-240.00
2026-08-12T16:22:16.015,1786544536.015450,5.956700,3,-6000,5.000000,7,-6000,0x03,left,2231.200000,-5280,0.320000,32,0,No fault,0x04,right,1752.500000,-5030,0.310000,34,0,No fault,-250.00
2026-08-12T16:22:16.025,1786544536.025916,5.967151,3,-6000,5.000000,8,-6000,0x03,left,2227.400000,-5320,0.220000,32,0,No fault,0x04,right,1748.900000,-5050,0.310000,34,0,No fault,-270.00
2026-08-12T16:22:16.036,1786544536.036391,5.977642,3,-6000,5.000000,9,-6000,0x03,left,2223.600000,-5340,0.310000,32,0,No fault,0x04,right,1745.300000,-5110,0.400000,34,0,No fault,-230.00
2026-08-12T16:22:16.047,1786544536.047138,5.988416,3,-6000,5.000000,10,-6000,0x03,left,2219.800000,-5310,0.410000,32,0,No fault,0x04,right,1741.600000,-5140,0.410000,34,0,No fault,-170.00
2026-08-12T16:22:16.170,1786544536.170549,6.111841,3,-6000,5.000000,11,-6000,0x03,left,2170.700000,-5450,0.180000,32,0,No fault,0x04,right,1696.500000,-5160,0.320000,34,0,No fault,-290.00
2026-08-12T16:22:16.186,1786544536.186616,6.127898,3,-6000,5.000000,12,-6000,0x03,left,2166.800000,-5450,0.310000,32,0,No fault,0x04,right,1689.100000,-5130,0.390000,34,0,No fault,-320.00
2026-08-12T16:22:16.340,1786544536.340555,6.281852,3,-6000,5.000000,13,-6000,0x03,left,2106.000000,-5390,0.060000,32,0,No fault,0x04,right,1633.300000,-5220,0.280000,34,0,No fault,-170.00
2026-08-12T16:22:16.351,1786544536.351241,6.292489,3,-6000,5.000000,14,-6000,0x03,left,2102.200000,-5380,0.180000,32,0,No fault,0x04,right,1629.600000,-5200,0.440000,34,0,No fault,-180.00
2026-08-12T16:22:16.361,1786544536.361696,6.302948,3,-6000,5.000000,15,-6000,0x03,left,2098.300000,-5390,0.280000,32,0,No fault,0x04,right,1625.900000,-5200,0.410000,34,0,No fault,-190.00
2026-08-12T16:22:16.387,1786544536.387529,6.328796,3,-6000,5.000000,16,-6000,0x03,left,2090.500000,-5420,0.260000,32,0,No fault,0x04,right,1614.600000,-5220,0.260000,34,0,No fault,-200.00
2026-08-12T16:22:16.510,1786544536.510568,6.451865,3,-6000,5.000000,17,-6000,0x03,left,2041.000000,-5390,0.260000,32,0,No fault,0x04,right,1570.000000,-5130,0.430000,34,0,No fault,-260.00
2026-08-12T16:22:16.587,1786544536.587688,6.528961,3,-6000,5.000000,18,-6000,0x03,left,2014.100000,-5300,0.320000,32,0,No fault,0x04,right,1540.500000,-5200,0.290000,34,0,No fault,-100.00
2026-08-12T16:22:16.710,1786544536.710926,6.652214,3,-6000,5.000000,19,-6000,0x03,left,1964.200000,-5260,0.280000,32,0,No fault,0x04,right,1495.800000,-5260,0.300000,34,0,No fault,0.00
2026-08-12T16:22:16.721,1786544536.721607,6.662890,3,-6000,5.000000,20,-6000,0x03,left,1960.500000,-5190,0.270000,32,0,No fault,0x04,right,1492.000000,-5320,0.290000,34,0,No fault,130.00
2026-08-12T16:22:16.788,1786544536.788392,6.729672,3,-6000,5.000000,21,-6000,0x03,left,1937.500000,-5430,0.350000,32,0,No fault,0x04,right,1466.000000,-5180,0.400000,34,0,No fault,-250.00
2026-08-12T16:22:16.882,1786544536.882349,6.823650,3,-6000,5.000000,22,-6000,0x03,left,1899.600000,-5160,0.350000,32,0,No fault,0x04,right,1432.500000,-5270,0.320000,34,0,No fault,110.00
2026-08-12T16:22:16.893,1786544536.893696,6.834990,3,-6000,5.000000,23,-6000,0x03,left,1895.900000,-5160,0.270000,32,0,No fault,0x04,right,1428.800000,-5270,0.410000,34,0,No fault,110.00
2026-08-12T16:22:16.991,1786544536.991781,6.933102,3,-6000,5.000000,24,-6000,0x03,left,1861.300000,-5370,0.260000,32,0,No fault,0x04,right,1391.400000,-5160,0.350000,34,0,No fault,-210.00
2026-08-12T16:22:17.002,1786544537.002697,6.943980,3,-6000,5.000000,25,-6000,0x03,left,1853.700000,-5290,0.110000,32,0,No fault,0x04,right,1387.700000,-5130,0.360000,34,0,No fault,-160.00
2026-08-12T16:22:17.074,1786544537.074641,7.015921,3,-6000,5.000000,26,-6000,0x03,left,1827.900000,-5160,0.230000,32,0,No fault,0x04,right,1361.600000,-5170,0.330000,34,0,No fault,10.00
2026-08-12T16:22:17.142,1786544537.142642,7.083940,3,-6000,5.000000,27,-6000,0x03,left,1800.500000,-5420,0.330000,32,0,No fault,0x04,right,1335.700000,-5150,0.390000,34,0,No fault,-270.00
2026-08-12T16:22:17.276,1786544537.276087,7.217375,3,-6000,5.000000,28,-6000,0x03,left,1751.200000,-5440,0.160000,32,0,No fault,0x04,right,1287.100000,-5270,0.330000,34,0,No fault,-170.00
2026-08-12T16:22:17.292,1786544537.292743,7.234020,3,-6000,5.000000,29,-6000,0x03,left,1743.400000,-5470,0.180000,32,0,No fault,0x04,right,1279.600000,-5210,0.330000,34,0,No fault,-260.00
2026-08-12T16:22:17.313,1786544537.313478,7.254745,3,-6000,5.000000,30,-6000,0x03,left,1735.400000,-5450,0.140000,32,0,No fault,0x04,right,1272.200000,-5170,0.320000,34,0,No fault,-280.00
2026-08-12T16:22:17.410,1786544537.410798,7.352100,3,-6000,5.000000,31,-6000,0x03,left,1700.900000,-5360,0.270000,32,0,No fault,0x04,right,1234.900000,-5180,0.410000,34,0,No fault,-180.00
2026-08-12T16:22:17.477,1786544537.477929,7.419213,3,-6000,5.000000,32,-6000,0x03,left,1673.900000,-5410,0.190000,32,0,No fault,0x04,right,1212.400000,-5170,0.250000,34,0,No fault,-240.00
2026-08-12T16:22:17.504,1786544537.504132,7.445418,3,-6000,5.000000,33,-6000,0x03,left,1662.400000,-5340,0.340000,32,0,No fault,0x04,right,1201.200000,-5260,0.310000,34,0,No fault,-80.00
2026-08-12T16:22:17.514,1786544537.514793,7.456075,3,-6000,5.000000,34,-6000,0x03,left,1658.600000,-5270,0.220000,32,0,No fault,0x04,right,1197.500000,-5280,0.330000,34,0,No fault,10.00
2026-08-12T16:22:17.592,1786544537.592472,7.533745,3,-6000,5.000000,35,-6000,0x03,left,1631.400000,-5390,0.180000,32,0,No fault,0x04,right,1167.600000,-5200,0.270000,34,0,No fault,-190.00
2026-08-12T16:22:17.638,1786544537.638807,7.580091,3,-6000,5.000000,36,-6000,0x03,left,1612.200000,-5380,0.260000,32,0,No fault,0x04,right,1149.000000,-5140,0.100000,34,0,No fault,-240.00
2026-08-12T16:22:17.649,1786544537.649455,7.590738,3,-6000,5.000000,37,-6000,0x03,left,1608.400000,-5360,0.320000,32,0,No fault,0x04,right,1145.200000,-5180,0.090000,34,0,No fault,-180.00
2026-08-12T16:22:17.660,1786544537.660035,7.601302,3,-6000,5.000000,38,-6000,0x03,left,1604.600000,-5340,0.310000,32,0,No fault,0x04,right,1141.500000,-5210,0.170000,34,0,No fault,-130.00
2026-08-12T16:22:17.675,1786544537.675894,7.617174,3,-6000,5.000000,39,-6000,0x03,left,1597.000000,-5260,0.240000,32,0,No fault,0x04,right,1137.700000,-5230,0.300000,34,0,No fault,-30.00
2026-08-12T16:22:17.759,1786544537.759356,7.700641,3,-6000,5.000000,40,-6000,0x03,left,1566.500000,-5360,0.160000,32,0,No fault,0x04,right,1104.000000,-5200,0.310000,34,0,No fault,-160.00
2026-08-12T16:22:17.770,1786544537.770155,7.711443,3,-6000,5.000000,41,-6000,0x03,left,1562.700000,-5350,0.210000,32,0,No fault,0x04,right,1100.300000,-5180,0.410000,34,0,No fault,-170.00
2026-08-12T16:22:17.781,1786544537.781004,7.722297,3,-6000,5.000000,42,-6000,0x03,left,1558.800000,-5350,0.230000,32,0,No fault,0x04,right,1096.600000,-5170,0.340000,34,0,No fault,-180.00
2026-08-12T16:22:17.890,1786544537.890487,7.831782,3,-6000,5.000000,43,-6000,0x03,left,1517.100000,-5440,0.290000,32,0,No fault,0x04,right,1055.500000,-5220,0.400000,34,0,No fault,-220.00
2026-08-12T16:22:17.989,1786544537.989612,7.930900,3,-6000,5.000000,44,-6000,0x03,left,1478.700000,-5160,0.200000,32,0,No fault,0x04,right,1018.400000,-5200,0.310000,34,0,No fault,40.00
2026-08-12T16:22:18.000,1786544538.000298,7.941562,3,-6000,5.000000,45,-6000,0x03,left,1475.000000,-5140,0.320000,32,0,No fault,0x04,right,1014.700000,-5230,0.220000,34,0,No fault,90.00
2026-08-12T16:22:18.010,1786544538.010971,7.952239,3,-6000,5.000000,46,-6000,0x03,left,1471.400000,-5140,0.340000,32,0,No fault,0x04,right,1010.900000,-5240,0.280000,34,0,No fault,100.00
2026-08-12T16:22:18.021,1786544538.021677,7.962962,3,-6000,5.000000,47,-6000,0x03,left,1467.700000,-5170,0.340000,32,0,No fault,0x04,right,1007.200000,-5240,0.280000,34,0,No fault,70.00
2026-08-12T16:22:18.099,1786544538.099307,8.040605,3,-6000,5.000000,48,-6000,0x03,left,1436.900000,-5380,0.190000,32,0,No fault,0x04,right,977.300000,-5240,0.330000,34,0,No fault,-140.00
2026-08-12T16:22:18.110,1786544538.110053,8.051284,3,-6000,5.000000,49,-6000,0x03,left,1433.100000,-5360,0.240000,32,0,No fault,0x04,right,973.600000,-5230,0.330000,34,0,No fault,-130.00
2026-08-12T16:22:18.120,1786544538.120454,8.061676,3,-6000,5.000000,50,-6000,0x03,left,1429.300000,-5340,0.130000,32,0,No fault,0x04,right,969.900000,-5170,0.390000,34,0,No fault,-170.00
2026-08-12T16:22:18.130,1786544538.130857,8.072093,3,-6000,5.000000,51,-6000,0x03,left,1425.500000,-5310,0.270000,32,0,No fault,0x04,right,966.200000,-5130,0.320000,34,0,No fault,-180.00
2026-08-12T16:22:18.141,1786544538.141300,8.082523,3,-6000,5.000000,52,-6000,0x03,left,1421.700000,-5240,0.240000,32,0,No fault,0x04,right,962.600000,-5130,0.310000,34,0,No fault,-110.00
2026-08-12T16:22:18.213,1786544538.213174,8.154457,3,-6000,5.000000,53,-6000,0x03,left,1395.600000,-5360,0.240000,32,0,No fault,0x04,right,936.300000,-5220,0.280000,34,0,No fault,-140.00
2026-08-12T16:22:18.290,1786544538.290879,8.232173,3,-6000,5.000000,54,-6000,0x03,left,1364.900000,-5300,0.240000,32,0,No fault,0x04,right,906.300000,-5170,0.360000,34,0,No fault,-130.00
2026-08-12T16:22:18.430,1786544538.430030,8.371326,3,-6000,5.000000,55,-6000,0x03,left,1311.200000,-5380,0.350000,32,0,No fault,0x04,right,854.300000,-5170,0.320000,34,0,No fault,-210.00
2026-08-12T16:22:18.440,1786544538.440800,8.382069,3,-6000,5.000000,56,-6000,0x03,left,1307.400000,-5360,0.390000,32,0,No fault,0x04,right,850.600000,-5120,0.360000,34,0,No fault,-240.00
2026-08-12T16:22:18.451,1786544538.451468,8.392755,3,-6000,5.000000,57,-6000,0x03,left,1303.600000,-5330,0.300000,32,0,No fault,0x04,right,847.000000,-5070,0.270000,34,0,No fault,-260.00
2026-08-12T16:22:18.462,1786544538.462353,8.403609,3,-6000,5.000000,58,-6000,0x03,left,1299.800000,-5240,0.350000,32,0,No fault,0x04,right,843.300000,-5100,0.260000,34,0,No fault,-140.00
2026-08-12T16:22:18.559,1786544538.559788,8.501082,3,-6000,5.000000,59,-6000,0x03,left,1261.500000,-5350,0.420000,32,0,No fault,0x04,right,806.200000,-5240,0.350000,34,0,No fault,-110.00
2026-08-12T16:22:18.570,1786544538.570479,8.511723,3,-6000,5.000000,60,-6000,0x03,left,1257.600000,-5350,0.340000,32,0,No fault,0x04,right,802.500000,-5250,0.350000,34,0,No fault,-100.00
2026-08-12T16:22:18.580,1786544538.580966,8.522198,3,-6000,5.000000,61,-6000,0x03,left,1253.800000,-5330,0.320000,32,0,No fault,0x04,right,798.700000,-5240,0.240000,34,0,No fault,-90.00
2026-08-12T16:22:18.591,1786544538.591655,8.532900,3,-6000,5.000000,62,-6000,0x03,left,1249.900000,-5350,0.310000,32,0,No fault,0x04,right,795.000000,-5220,0.390000,34,0,No fault,-130.00
2026-08-12T16:22:18.602,1786544538.602142,8.543377,3,-6000,5.000000,63,-6000,0x03,left,1246.000000,-5340,0.240000,32,0,No fault,0x04,right,791.200000,-5200,0.510000,34,0,No fault,-140.00
2026-08-12T16:22:18.612,1786544538.612608,8.553838,3,-6000,5.000000,64,-6000,0x03,left,1242.200000,-5300,0.360000,32,0,No fault,0x04,right,787.500000,-5150,0.480000,34,0,No fault,-150.00
2026-08-12T16:22:18.623,1786544538.623036,8.564265,3,-6000,5.000000,65,-6000,0x03,left,1238.500000,-5280,0.280000,32,0,No fault,0x04,right,783.700000,-5190,0.380000,34,0,No fault,-90.00
2026-08-12T16:22:18.633,1786544538.633582,8.574846,3,-6000,5.000000,66,-6000,0x03,left,1234.700000,-5290,0.380000,32,0,No fault,0x04,right,779.800000,-5230,0.230000,34,0,No fault,-60.00
2026-08-12T16:22:18.741,1786544538.741530,8.682814,3,-6000,5.000000,67,-6000,0x03,left,1192.800000,-5300,0.340000,32,0,No fault,0x04,right,738.000000,-5250,0.270000,34,0,No fault,-50.00
2026-08-12T16:22:18.752,1786544538.752591,8.693881,3,-6000,5.000000,68,-6000,0x03,left,1189.000000,-5260,0.310000,32,0,No fault,0x04,right,734.300000,-5220,0.380000,34,0,No fault,-40.00
2026-08-12T16:22:18.763,1786544538.763343,8.704622,3,-6000,5.000000,69,-6000,0x03,left,1185.100000,-5260,0.360000,32,0,No fault,0x04,right,730.700000,-5160,0.420000,34,0,No fault,-100.00
2026-08-12T16:22:18.814,1786544538.814892,8.756170,3,-6000,5.000000,70,-6000,0x03,left,1166.400000,-5240,0.340000,32,0,No fault,0x04,right,712.100000,-5270,0.410000,34,0,No fault,30.00
2026-08-12T16:22:18.922,1786544538.922548,8.863832,3,-6000,5.000000,71,-6000,0x03,left,1124.200000,-5200,0.250000,32,0,No fault,0x04,right,670.900000,-5160,0.390000,34,0,No fault,-40.00
2026-08-12T16:22:18.933,1786544538.933177,8.874447,3,-6000,5.000000,72,-6000,0x03,left,1120.600000,-5110,0.340000,32,0,No fault,0x04,right,667.200000,-5120,0.350000,34,0,No fault,10.00
2026-08-12T16:22:19.015,1786544539.015231,8.956510,3,-6000,5.000000,73,-6000,0x03,left,1090.300000,-5410,0.220000,32,0,No fault,0x04,right,637.400000,-5120,0.150000,34,0,No fault,-290.00
2026-08-12T16:22:19.025,1786544539.025988,8.967258,3,-6000,5.000000,74,-6000,0x03,left,1086.400000,-5430,0.230000,32,0,No fault,0x04,right,633.700000,-5140,0.460000,34,0,No fault,-290.00
2026-08-12T16:22:19.133,1786544539.133555,9.074836,3,-6000,5.000000,75,-6000,0x03,left,1045.000000,-5270,0.280000,32,0,No fault,0x04,right,592.800000,-5240,0.390000,34,0,No fault,-30.00
2026-08-12T16:22:19.144,1786544539.144108,9.085359,3,-6000,5.000000,76,-6000,0x03,left,1041.100000,-5350,0.340000,32,0,No fault,0x04,right,589.100000,-5210,0.300000,34,0,No fault,-140.00
2026-08-12T16:22:19.216,1786544539.216056,9.157334,3,-6000,5.000000,77,-6000,0x03,left,1013.900000,-5350,0.200000,32,0,No fault,0x04,right,563.300000,-5180,0.310000,34,0,No fault,-170.00
2026-08-12T16:22:19.303,1786544539.303185,9.244468,3,-6000,5.000000,78,-6000,0x03,left,980.000000,-5350,0.240000,32,0,No fault,0x04,right,530.800000,-5030,0.290000,34,0,No fault,-320.00
2026-08-12T16:22:19.313,1786544539.313776,9.255055,3,-6000,5.000000,79,-6000,0x03,left,976.200000,-5420,0.260000,32,0,No fault,0x04,right,527.200000,-5040,0.370000,34,0,No fault,-380.00
2026-08-12T16:22:19.324,1786544539.324348,9.265620,3,-6000,5.000000,80,-6000,0x03,left,972.300000,-5440,0.340000,32,0,No fault,0x04,right,523.600000,-5040,0.440000,34,0,No fault,-400.00
2026-08-12T16:22:19.513,1786544539.513797,9.455079,3,-6000,5.000000,81,-6000,0x03,left,899.300000,-5380,0.270000,32,0,No fault,0x04,right,454.700000,-5130,0.370000,34,0,No fault,-250.00
2026-08-12T16:22:19.524,1786544539.524368,9.465638,3,-6000,5.000000,82,-6000,0x03,left,895.500000,-5380,0.360000,32,0,No fault,0x04,right,451.000000,-5160,0.410000,34,0,No fault,-220.00
2026-08-12T16:22:19.534,1786544539.534890,9.476155,3,-6000,5.000000,83,-6000,0x03,left,891.700000,-5380,0.330000,33,0,No fault,0x04,right,447.300000,-5170,0.410000,34,0,No fault,-210.00
2026-08-12T16:22:19.714,1786544539.714721,9.656009,3,-6000,5.000000,84,-6000,0x03,left,823.100000,-5230,0.310000,32,0,No fault,0x04,right,380.100000,-5210,0.380000,34,0,No fault,-20.00
2026-08-12T16:22:19.725,1786544539.725494,9.666787,3,-6000,5.000000,85,-6000,0x03,left,819.400000,-5170,0.290000,32,0,No fault,0x04,right,376.300000,-5210,0.160000,34,0,No fault,40.00
2026-08-12T16:22:19.894,1786544539.894886,9.836164,3,-6000,5.000000,86,-6000,0x03,left,754.500000,-5180,0.420000,32,0,No fault,0x04,right,315.700000,-5170,0.350000,34,0,No fault,-10.00
2026-08-12T16:22:19.971,1786544539.971900,9.913187,3,-6000,5.000000,87,-6000,0x03,left,723.900000,-5420,0.200000,32,0,No fault,0x04,right,285.600000,-5240,0.350000,34,0,No fault,-180.00
2026-08-12T16:22:19.982,1786544539.982591,9.923839,3,-6000,5.000000,88,-6000,0x03,left,720.000000,-5400,0.210000,32,0,No fault,0x04,right,281.900000,-5220,0.340000,34,0,No fault,-180.00
2026-08-12T16:22:20.094,1786544540.094986,10.036260,3,-6000,5.000000,89,-6000,0x03,left,678.600000,-5310,0.240000,32,0,No fault,0x04,right,240.800000,-5220,0.310000,34,0,No fault,-90.00
2026-08-12T16:22:20.192,1786544540.192237,10.133519,3,-6000,5.000000,90,-6000,0x03,left,640.300000,-5220,0.430000,32,0,No fault,0x04,right,203.500000,-5220,0.330000,34,0,No fault,0.00
2026-08-12T16:22:20.212,1786544540.212998,10.154268,3,-6000,5.000000,91,-6000,0x03,left,632.800000,-5210,0.260000,33,0,No fault,0x04,right,196.100000,-5190,0.280000,34,0,No fault,-20.00
2026-08-12T16:22:20.223,1786544540.223513,10.164760,3,-6000,5.000000,92,-6000,0x03,left,629.100000,-5260,0.330000,32,0,No fault,0x04,right,192.300000,-5200,0.280000,34,0,No fault,-60.00
2026-08-12T16:22:20.295,1786544540.295083,10.236353,3,-6000,5.000000,93,-6000,0x03,left,602.300000,-5370,0.230000,32,0,No fault,0x04,right,166.300000,-5200,0.260000,34,0,No fault,-170.00
2026-08-12T16:22:20.392,1786544540.392228,10.333510,3,-6000,5.000000,94,-6000,0x03,left,564.400000,-5330,0.220000,32,0,No fault,0x04,right,129.400000,-5120,0.340000,34,0,No fault,-210.00
2026-08-12T16:22:20.402,1786544540.402783,10.344021,3,-6000,5.000000,95,-6000,0x03,left,560.500000,-5410,0.270000,32,0,No fault,0x04,right,125.800000,-5120,0.410000,34,0,No fault,-290.00
2026-08-12T16:22:20.413,1786544540.413165,10.354405,3,-6000,5.000000,96,-6000,0x03,left,556.500000,-5460,0.060000,32,0,No fault,0x04,right,122.100000,-5130,0.350000,34,0,No fault,-330.00
2026-08-12T16:22:20.423,1786544540.423671,10.364910,3,-6000,5.000000,97,-6000,0x03,left,552.600000,-5450,0.270000,32,0,No fault,0x04,right,118.400000,-5140,0.300000,34,0,No fault,-310.00
2026-08-12T16:22:20.607,1786544540.607481,10.548769,3,-6000,5.000000,98,-6000,0x03,left,483.800000,-5390,0.320000,32,0,No fault,0x04,right,48.100000,-5310,0.330000,34,0,No fault,-80.00
2026-08-12T16:22:20.638,1786544540.638582,10.579869,3,-6000,5.000000,99,-6000,0x03,left,472.500000,-5300,0.310000,32,0,No fault,0x04,right,37.000000,-5170,0.360000,34,0,No fault,-130.00
2026-08-12T16:22:20.649,1786544540.649204,10.590456,3,-6000,5.000000,100,-6000,0x03,left,468.700000,-5270,0.280000,32,0,No fault,0x04,right,33.200000,-5170,0.340000,34,0,No fault,-100.00
2026-08-12T16:22:20.797,1786544540.797573,10.738864,3,-6000,5.000000,101,-6000,0x03,left,411.700000,-5290,0.300000,32,0,No fault,0x04,right,-22.400000,-5150,0.290000,34,0,No fault,-140.00
2026-08-12T16:22:20.838,1786544540.838960,10.780246,3,-6000,5.000000,102,-6000,0x03,left,396.900000,-5110,0.330000,33,0,No fault,0x04,right,-37.400000,-5240,0.340000,34,0,No fault,130.00
2026-08-12T16:22:20.898,1786544540.898781,10.840057,4,0,0.800000,1,0,0x03,left,376.800000,-2290,0.090000,33,0,No fault,0x04,right,-55.700000,-1240,0.230000,34,0,No fault,-1050.00
2026-08-12T16:22:20.977,1786544540.977072,10.918367,4,0,0.800000,2,0,0x03,left,377.100000,30,0.040000,32,0,No fault,0x04,right,-55.700000,0,-0.060000,34,0,No fault,30.00
2026-08-12T16:22:20.987,1786544540.987880,10.929127,4,0,0.800000,3,0,0x03,left,377.100000,20,-0.060000,32,0,No fault,0x04,right,-55.700000,0,-0.070000,34,0,No fault,20.00
2026-08-12T16:22:20.998,1786544540.998383,10.939622,4,0,0.800000,4,0,0x03,left,377.100000,10,0.020000,32,0,No fault,0x04,right,-55.700000,0,-0.040000,34,0,No fault,10.00
2026-08-12T16:22:21.008,1786544541.008874,10.950116,4,0,0.800000,5,0,0x03,left,377.100000,10,-0.020000,32,0,No fault,0x04,right,-55.700000,0,0.000000,34,0,No fault,10.00
2026-08-12T16:22:21.039,1786544541.039883,10.981135,4,0,0.800000,6,0,0x03,left,377.100000,0,0.000000,32,0,No fault,0x04,right,-55.700000,0,-0.010000,34,0,No fault,0.00
2026-08-12T16:22:21.184,1786544541.184216,11.125502,4,0,0.800000,7,0,0x03,left,377.200000,0,-0.040000,32,0,No fault,0x04,right,-55.700000,0,-0.030000,34,0,No fault,0.00
2026-08-12T16:22:21.229,1786544541.229739,11.171023,4,0,0.800000,8,0,0x03,left,377.200000,0,-0.060000,32,0,No fault,0x04,right,-55.700000,0,-0.040000,34,0,No fault,0.00
2026-08-12T16:22:21.307,1786544541.307561,11.248848,4,0,0.800000,9,0,0x03,left,377.200000,0,-0.040000,32,0,No fault,0x04,right,-55.700000,0,-0.040000,34,0,No fault,0.00
2026-08-12T16:22:21.344,1786544541.344236,11.285524,4,0,0.800000,10,0,0x03,left,377.200000,0,-0.010000,32,0,No fault,0x04,right,-55.700000,0,-0.030000,34,0,No fault,0.00
2026-08-12T16:22:21.422,1786544541.422487,11.363762,4,0,0.800000,11,0,0x03,left,377.200000,0,-0.040000,32,0,No fault,0x04,right,-55.700000,0,0.000000,34,0,No fault,0.00
2026-08-12T16:22:21.448,1786544541.448624,11.389904,4,0,0.800000,12,0,0x03,left,377.200000,0,-0.170000,32,0,No fault,0x04,right,-55.700000,0,-0.020000,34,0,No fault,0.00
2026-08-12T16:22:21.459,1786544541.459196,11.400474,4,0,0.800000,13,0,0x03,left,377.200000,0,-0.090000,33,0,No fault,0x04,right,-55.700000,0,-0.030000,34,0,No fault,0.00
2026-08-12T16:22:21.506,1786544541.506313,11.447606,4,0,0.800000,14,0,0x03,left,377.200000,0,-0.070000,32,0,No fault,0x04,right,-55.700000,0,-0.030000,34,0,No fault,0.00
2026-08-12T16:22:21.614,1786544541.614453,11.555740,4,0,0.800000,15,0,0x03,left,377.200000,0,-0.030000,32,0,No fault,0x04,right,-55.700000,0,-0.020000,34,0,No fault,0.00
